"Nom de la Station","L'ASSOMPTION"
"Province","QUÉBEC"
"Latitude","45,81"
"Longitude","-73,43"
"Altitude","21,00"
"ID climatologique","7014160"
"ID de l'OMM","71524"
"ID de TC","WEW"

"Légende"
"B","Plus d'une occurrence et estimatif"
"E","Valeur estimée"
"M","Données manquantes"
"S","Plus d'une occurrence"
"T","Trace"
"[vide]","Aucune donnée disponible"
"^","La valeur affichée est basée sur des données incomplètes"

"Date/Heure","Année","Mois","Temp max.moy.(°C)","Temp max. moy. Indicateur","Temp min.moy.(°C)","Temp min. moy. Indicateur","Temp moy.(°C)","Temp moy. Indicateur","Temp max.ext.(°C)","Temp max. ext. Indicateur","Temp min.ext.(°C)","Temp min. ext. Indicateur","Pluie tot. (mm)","Pluie tot. Indicateur","Neige tot. (cm)","Neige tot. Indicateur","Précip. tot. (mm)","Précip. tot. Indicateur","Neige au sol, dernier jour (cm)","Neige au sol, dernier jour Indicateur","Dir. raf. max. (10's deg)","Dir. raf. max. Indicateur","Vit. raf. max. (km/h)","Vit. raf. max. Indicateur"
"1930-01","1930","01","-4,3","","-15,2","","-9,8","","5,6","","-27,8","","65,0","","35,6","","100,6","","","",,"",,""
"1930-02","1930","02","-4,0","","-17,7","","-10,9","","6,1","","-40,0","","11,7","","22,4","","34,0","","","",,"",,""
"1930-03","1930","03","0,6","","-8,5","","-4,0","","6,1","","-23,9","","29,0","","12,2","","41,1","","","",,"",,""
"1930-04","1930","04","9,7","","-2,6","","3,6","","21,1","","-8,9","","48,0","","6,4","","54,4","","","",,"",,""
"1930-05","1930","05","18,9","","6,3","","12,6","","31,7","","-1,1","","94,2","","0,0","","94,2","","","",,"",,""
"1930-06","1930","06","24,8","","13,8","","19,3","","31,7","","2,2","","74,9","","0,0","","74,9","","","",,"",,""
"1930-07","1930","07","24,9","","13,2","","19,1","","30,6","","5,0","","114,6","","0,0","","114,6","","","",,"",,""
"1930-08","1930","08","23,8","","11,3","","17,6","","29,4","","3,9","S","54,9","","0,0","","54,9","","","",,"",,""
"1930-09","1930","09","19,8","","9,1","","14,5","","29,4","","1,1","","77,5","","0,0","","77,5","","","",,"",,""
"1930-10","1930","10","14,2","","2,1","","8,2","","27,2","","-7,8","","27,9","","0,0","","27,9","","","",,"",,""
"1930-11","1930","11","7,2","","-1,4","","2,9","","13,3","","-16,7","","35,8","","13,5","","49,3","","","",,"",,""
"1930-12","1930","12","-2,6","","-11,6","","-7,1","","3,3","","-32,8","","11,4","","35,6","","47,0","","","",,"",,""
"1931-01","1931","01","-6,9","","-18,3","","-12,6","","2,2","","-40,0","","9,7","","56,6","","66,3","","","",,"",,""
"1931-02","1931","02","-3,4","","-17,6","","-10,5","","3,9","S","-35,6","","3,8","","18,3","","22,1","","","",,"",,""
"1931-03","1931","03","4,7","","-5,3","","-0,3","","9,4","S","-17,8","","20,6","","12,2","","32,8","","","",,"",,""
"1931-04","1931","04","14,5","","-0,7","","6,9","","27,2","","-7,2","","54,4","","0,0","","54,4","","","",,"",,""
"1931-05","1931","05","19,7","","5,7","","12,7","","29,4","","-5,6","","67,6","","0,0","","67,6","","","",,"",,""
"1931-06","1931","06","24,2","","10,3","","17,3","","32,8","","3,9","S","65,8","","0,0","","65,8","","","",,"",,""
"1931-07","1931","07","27,8","","15,8","","21,8","","35,0","","10,0","","76,5","","0,0","","76,5","","","",,"",,""
"1931-08","1931","08","25,7","","11,9","","18,8","","33,3","","5,0","","47,8","","0,0","","47,8","","","",,"",,""
"1931-09","1931","09","22,4","","8,7","","15,6","","36,7","","-0,6","","95,3","","0,0","","95,3","","","",,"",,""
"1931-10","1931","10","16,6","","4,3","","10,5","","26,7","","-3,9","","51,1","","0,0","","51,1","","","",,"",,""
"1931-11","1931","11","8,9","","-1,1","","3,9","","18,9","","-9,4","","45,5","","0,8","","46,2","","","",,"",,""
"1931-12","1931","12","-0,6","","-11,4","","-6,0","","10,0","","-23,9","","25,4","","20,8","","46,2","","","",,"",,""
"1932-01","1932","01","1,6","","-8,6","","-3,5","","12,8","","-20,0","","85,3","","19,8","","105,2","","","",,"",,""
"1932-02","1932","02","-5,0","","-15,0","","-10,0","","5,6","S","-27,8","","22,1","","44,7","","66,8","","","",,"",,""
"1932-03","1932","03","-1,1","","-10,4","","-5,8","","6,7","","-24,4","","34,8","","116,1","","150,9","","","",,"",,""
"1932-04","1932","04","7,8","","-2,2","","2,8","","21,1","S","-13,9","","61,2","","26,2","","87,4","","","",,"",,""
"1932-05","1932","05","20,3","","4,6","","12,5","","32,8","","-6,7","","30,0","","2,0","","32,0","","","",,"",,""
"1932-06","1932","06","23,7","","9,4","","16,6","","30,6","","1,7","S","123,2","","0,0","","123,2","","","",,"",,""
"1932-07","1932","07","25,3","","12,5","","18,9","","30,0","","5,0","","59,4","","0,0","","59,4","","","",,"",,""
"1932-08","1932","08","26,4","","13,6","","20,0","","32,8","","5,0","","85,6","","0,0","","85,6","","","",,"",,""
"1932-09","1932","09","20,9","","8,3","","14,6","","32,2","","-2,8","","43,2","","0,0","","43,2","","","",,"",,""
"1932-10","1932","10","13,2","","3,1","","8,2","","25,0","","-6,1","","121,7","","0,0","","121,7","","","",,"",,""
"1932-11","1932","11","2,6","","-7,3","","-2,4","","12,8","","-22,2","","86,6","","11,2","","97,8","","","",,"",,""
"1932-12","1932","12","0,2","","-10,3","","-5,1","","11,1","","-33,3","","40,1","","31,8","","71,9","","","",,"",,""
"1933-01","1933","01","-0,2","","-10,3","","-5,3","","6,7","","-22,2","","27,2","","26,2","","53,3","","","",,"",,""
"1933-02","1933","02","-2,1","","-11,7","","-6,9","","5,0","","-27,2","","14,7","","35,6","","50,3","","","",,"",,""
"1933-03","1933","03","0,6","","-10,8","","-5,1","","8,9","","-20,6","","5,1","","86,9","","91,9","","","",,"",,""
"1933-04","1933","04","10,6","","-0,6","","5,0","","17,8","S","-5,6","","94,0","","1,8","","95,8","","","",,"",,""
"1933-05","1933","05","19,2","","5,6","","12,4","","28,3","","-3,3","","149,9","","0,0","","149,9","","","",,"",,""
"1933-06","1933","06","25,7","","10,8","","18,3","","35,0","","1,1","","57,9","","0,0","","57,9","","","",,"",,""
"1933-07","1933","07","25,6","","12,8","","19,2","","31,1","","6,7","","117,9","","0,0","","117,9","","","",,"",,""
"1933-08","1933","08","24,6","","11,6","","18,1","","28,9","S","6,7","S","124,0","","0,0","","124,0","","","",,"",,""
"1933-09","1933","09","20,9","","8,4","","14,7","","28,3","","0,6","","33,5","","0,0","","33,5","","","",,"",,""
"1933-10","1933","10","12,1","","1,6","","6,9","","20,6","","-12,2","","51,8","","30,5","","82,3","","","",,"",,""
"1933-11","1933","11","-0,5","","-10,5","","-5,5","","13,9","","-24,4","S","50,3","","35,6","","85,9","","","",,"",,""
"1933-12","1933","12","-9,1","","-20,4","","-14,8","","2,8","","-42,8","","0,0","","50,8","","50,8","","","",,"",,""
"1934-01","1934","01","-7,4","","-18,9","","-13,2","","2,8","S","-37,8","S","14,2","","54,6","","68,8","","","",,"",,""
"1934-02","1934","02","-12,0","","-27,4","","-19,7","","-0,6","S","-43,3","","0,0","","81,3","","81,3","","","",,"",,""
"1934-03","1934","03","-1,3","","-12,5","","-6,9","","5,6","","-25,0","","74,9","","21,6","","96,5","","","",,"",,""
"1934-04","1934","04","9,5","","-1,1","","4,2","","23,9","","-11,7","","61,7","","0,0","T","61,7","","","",,"",,""
"1934-05","1934","05","21,3","","4,8","","13,1","","30,6","","-3,3","","29,7","","0,0","","29,7","","","",,"",,""
"1934-06","1934","06","24,2","","11,7","","18,0","","33,9","","1,1","","154,9","","0,0","","154,9","","","",,"",,""
"1934-07","1934","07","27,9","","13,0","","20,5","","32,2","S","7,2","","61,0","","0,0","","61,0","","","",,"",,""
"1934-08","1934","08","24,4","","9,4","","16,9","","32,8","","2,2","","60,5","","0,0","","60,5","","","",,"",,""
"1934-09","1934","09","21,7","","11,6","","16,7","","28,9","","3,9","","117,6","","0,0","","117,6","","","",,"",,""
"1934-10","1934","10","11,1","","1,0","","6,1","","18,3","","-3,9","S","45,0","","0,0","","45,0","","","",,"",,""
"1934-11","1934","11","5,8","","-1,6","","2,1","","13,9","S","-12,2","","79,0","","1,3","","80,3","","","",,"",,""
"1934-12","1934","12","-6,3","","-16,7","","-11,5","","6,1","","-33,3","","17,3","","83,8","","101,1","","","",,"",,""
"1935-01","1935","01","-8,4","","-22,6","","-15,5","","4,4","","-41,1","","29,7","","86,4","","116,1","","","",,"",,""
"1935-02","1935","02","-6,0","","-18,9","","-12,5","","2,2","","-35,0","","15,7","","63,5","","79,2","","","",,"",,""
"1935-03","1935","03","0,6","","-11,2","","-5,3","","10,0","","-28,3","S","16,5","","10,2","","26,7","","","",,"",,""
"1935-04","1935","04","10,8","","0,4","","5,6","","26,7","","-8,3","","75,2","","1,3","","76,5","","","",,"",,""
"1935-05","1935","05","16,9","","3,2","","10,1","","27,8","","-2,2","","34,5","","0,0","","34,5","","","",,"",,""
"1935-06","1935","06","23,5","","11,5","","17,5","","28,3","","5,0","","106,9","","0,0","","106,9","","","",,"",,""
"1935-07","1935","07","27,9","","14,3","","21,1","","34,4","","6,7","S","184,9","","0,0","","184,9","","","",,"",,""
"1935-08","1935","08","25,8","","12,7","","19,3","","33,9","S","5,0","","100,8","","0,0","","100,8","","","",,"",,""
"1935-09","1935","09","18,1","","6,3","","12,2","","25,6","","-0,6","S","130,6","","0,0","","130,6","","","",,"",,""
"1935-10","1935","10","13,5","","1,6","","7,6","","23,3","","-5,6","","46,0","","0,0","","46,0","","","",,"",,""
"1935-11","1935","11","6,1","","-2,1","","2,0","","16,7","","-11,1","S","78,5","","1,3","","79,8","","","",,"",,""
"1935-12","1935","12","-6,8","","-14,8","","-10,8","","2,2","","-32,2","","0,0","","19,1","","19,1","","","",,"",,""
"1936-01","1936","01","-7,6","","-20,1","","-13,9","","2,8","","-38,3","","11,2","","67,3","","78,5","","","",,"",,""
"1936-02","1936","02","-8,1","","-21,0","","-14,6","","4,4","","-36,1","","0,5","","53,3","","53,8","","","",,"",,""
"1936-03","1936","03","4,0","","-6,0","","-1,0","","12,8","","-31,1","","104,1","","12,7","","116,8","","","",,"",,""
"1936-04","1936","04","8,3","","-0,2","","4,1","","22,8","","-6,7","","88,4","","2,5","","90,9","","","",,"",,""
"1936-05","1936","05","18,6","","5,5","","12,1","","30,6","","-3,9","","75,9","","0,0","T","75,9","","","",,"",,""
"1936-06","1936","06","24,3","","9,8","","17,1","","31,1","S","1,7","S","54,4","","0,0","","54,4","","","",,"",,""
"1936-07","1936","07","25,7","","12,3","","19,0","","32,8","","5,0","","83,1","","0,0","","83,1","","","",,"",,""
"1936-08","1936","08","23,3","","11,6","","17,5","","30,0","","4,4","S","118,6","","0,0","","118,6","","","",,"",,""
"1936-09","1936","09","20,4","","7,9","","14,2","","29,4","","-2,8","S","53,1","","0,0","","53,1","","","",,"",,""
"1936-10","1936","10","11,3","","1,5","","6,4","","22,2","","-10,6","","158,5","","0,8","","159,3","","","",,"",,""
"1936-11","1936","11","0,7","","-7,8","","-3,6","","17,2","","-23,3","","49,3","","41,9","","91,2","","","",,"",,""
"1936-12","1936","12","-2,3","","-13,0","","-7,7","","8,3","","-31,7","","56,6","","16,5","","73,2","","","",,"",,""
"1937-01","1937","01","-2,1","","-12,1","","-7,1","","8,3","","-28,9","","71,4","","35,6","","106,9","","","",,"",,""
"1937-02","1937","02","-2,2","","-13,2","","-7,7","","6,1","","-28,9","","29,2","","43,9","","73,2","","","",,"",,""
"1937-03","1937","03","-1,6","","-12,6","","-7,1","","5,6","","-25,0","","0,0","","70,1","","70,1","","","",,"",,""
"1937-04","1937","04","10,6","","-1,9","","4,4","","23,3","","-12,8","","66,0","","2,5","","68,6","","","",,"",,""
"1937-05","1937","05","20,3","","6,5","","13,4","","32,2","","0,0","","66,8","","0,0","","66,8","","","",,"",,""
"1937-06","1937","06","24,8","","10,9","","17,9","","30,0","","6,7","S","77,7","","0,0","","77,7","","","",,"",,""
"1937-07","1937","07","27,8","","14,2","","21,0","","33,3","","8,3","S","103,6","","0,0","","103,6","","","",,"",,""
"1937-08","1937","08","28,2","","15,6","","21,9","","32,8","","7,2","","136,4","","0,0","","136,4","","","",,"",,""
"1937-09","1937","09","20,6","","7,4","","14,0","","32,2","","-0,6","","72,1","","0,0","","72,1","","","",,"",,""
"1937-10","1937","10","12,4","","1,4","","6,9","","25,0","","-7,8","","94,7","","0,0","","94,7","","","",,"",,""
"1937-11","1937","11","5,0","","-3,1","","1,0","","12,2","","-8,9","S","73,9","","0,0","","73,9","","","",,"",,""
"1937-12","1937","12","-4,3","","-15,6","","-10,0","","3,9","","-34,4","","0,0","","91,4","","91,4","","","",,"",,""
"1938-01","1938","01","-7,3","","-20,8","","-14,1","","6,7","","-38,3","","40,6","","44,5","","85,1","","","",,"",,""
"1938-02","1938","02","-5,0","","-16,2","","-10,6","","2,8","","-32,2","","20,1","","25,1","","45,2","","","",,"",,""
"1938-03","1938","03","0,4","","-12,6","","-6,1","","10,0","","-40,6","","39,1","","31,8","","70,9","","","",,"",,""
"1938-04","1938","04","11,7","","0,1","","5,9","","26,7","","-15,0","","68,3","","16,0","","84,3","","","",,"",,""
"1938-05","1938","05","19,1","","5,9","","12,5","","25,6","","-1,1","","70,6","","0,0","","70,6","","","",,"",,""
"1938-06","1938","06","25,8","","11,5","","18,7","","33,9","","3,9","","89,7","","0,0","","89,7","","","",,"",,""
"1938-07","1938","07","27,4","","14,2","","20,8","","32,2","S","4,4","","66,5","","0,0","","66,5","","","",,"",,""
"1938-08","1938","08","27,5","","14,3","","20,9","","35,6","","5,0","S","152,9","","0,0","","152,9","","","",,"",,""
"1938-09","1938","09","18,7","","6,9","","12,8","","23,9","S","0,0","S","146,3","","0,0","","146,3","","","",,"",,""
"1938-10","1938","10","15,0","","2,4","","8,7","","25,6","","-3,9","","22,9","","0,0","","22,9","","","",,"",,""
"1938-11","1938","11","6,6","","-3,7","","1,5","","21,7","","-16,1","","33,8","","8,4","","42,2","","","",,"",,""
"1938-12","1938","12","-2,7","","-11,6","","-7,2","","8,3","","-32,2","","57,9","","42,7","","100,6","","","",,"",,""
"1939-01","1939","01","-6,9","","-18,4","","-12,7","","6,1","","-33,9","","22,6","","32,0","","54,6","","","",,"",,""
"1939-02","1939","02","-5,8","","-15,8","","-10,8","","4,4","","-26,7","S","11,4","","96,5","","108,0","","","",,"",,""
"1939-03","1939","03","-1,4","","-13,1","","-7,3","","7,2","","-27,2","","9,4","","35,6","","45,0","","","",,"",,""
"1939-04","1939","04","6,6","","-3,1","","1,8","","14,4","","-12,8","","36,3","","48,3","","84,6","","","",,"",,""
"1939-05","1939","05","18,9","","4,0","","11,5","","29,4","","-2,8","S","48,0","","0,0","","48,0","","","",,"",,""
"1939-06","1939","06","23,6","","10,9","","17,3","","30,6","","2,2","","104,1","","0,0","","104,1","","","",,"",,""
"1939-07","1939","07","26,8","","14,0","","20,4","","33,3","","4,4","","97,8","","0,0","","97,8","","","",,"",,""
"1939-08","1939","08","28,3","","14,1","","21,2","","31,1","","7,8","S","50,8","","0,0","","50,8","","","",,"",,""
"1939-09","1939","09","19,9","","7,3","","13,6","","33,3","","-5,0","","101,1","","0,0","","101,1","","","",,"",,""
"1939-10","1939","10","13,1","","2,4","","7,8","","23,9","","-7,2","","80,3","","0,0","","80,3","","","",,"",,""
"1939-11","1939","11","4,3","","-5,3","","-0,5","","9,4","","-12,2","","39,9","","0,0","","39,9","","","",,"",,""
"1939-12","1939","12","-3,8","","-11,7","","-7,8","","8,3","","-33,3","","60,7","","29,5","","90,2","","","",,"",,""
"1940-01","1940","01","-9,1","","-20,3","","-14,7","","2,2","","-31,7","S","0,0","","46,2","","46,2","","","",,"",,""
"1940-02","1940","02","-4,0","","-18,8","","-11,4","","2,2","","-31,7","","0,0","","35,6","","35,6","","","",,"",,""
"1940-03","1940","03","-0,4","","-11,4","","-5,9","","8,3","","-31,7","","31,5","","56,9","","88,4","","","",,"",,""
"1940-04","1940","04","7,7","","-2,4","","2,7","","22,8","","-11,1","","75,7","","15,2","","90,9","","","",,"",,""
"1940-05","1940","05","18,8","","5,6","","12,2","","27,2","","-2,2","S","61,0","","0,0","","61,0","","","",,"",,""
"1940-06","1940","06","22,7","","11,3","","17,0","","29,4","","2,8","","83,3","","0,0","","83,3","","","",,"",,""
"1940-07","1940","07","27,0","","13,9","","20,5","","32,2","","4,4","","112,0","","0,0","","112,0","","","",,"",,""
"1940-08","1940","08","26,5","","11,9","","19,2","","32,2","","2,8","","57,9","","0,0","","57,9","","","",,"",,""
"1940-09","1940","09","21,0","","8,3","","14,7","","26,7","S","-1,7","","56,9","","0,0","","56,9","","","",,"",,""
"1940-10","1940","10","12,3","","0,1","","6,2","","21,7","","-9,4","S","33,5","","1,3","","34,8","","","",,"",,""
"1940-11","1940","11","3,2","","-3,7","","-0,3","","15,6","","-25,0","","65,5","","38,1","","103,6","","","",,"",,""
"1940-12","1940","12","-4,1","","-14,9","","-9,5","","3,9","","-35,0","","65,8","","29,0","","94,7","","","",,"",,""
"1941-01","1941","01","-8,3","","-19,2","","-13,8","","1,1","","-33,9","","1,3","","50,5","","51,8","","","",,"",,""
"1941-02","1941","02","-3,3","","-14,7","","-9,0","","3,9","","-26,7","","24,9","","14,0","","38,9","","","",,"",,""
"1941-03","1941","03","0,3","","-11,2","","-5,5","","6,7","","-22,8","S","1,0","","29,5","","30,5","","","",,"",,""
"1941-04","1941","04","15,1","","0,9","","8,0","","29,4","","-7,2","","35,8","","0,0","","35,8","","","",,"",,""
"1941-05","1941","05","20,4","","5,4","","12,9","","30,6","","-2,8","","69,9","","0,0","","69,9","","","",,"",,""
"1941-06","1941","06","26,2","","11,1","","18,7","","36,1","","2,2","","40,6","","0,0","","40,6","","","",,"",,""
"1941-07","1941","07","28,0","","14,8","","21,4","","34,4","","8,9","S","105,4","","0,0","","105,4","","","",,"",,""
"1941-08","1941","08","24,8","","10,7","","17,8","","33,3","","3,3","","59,7","","0,0","","59,7","","","",,"",,""
"1941-09","1941","09","21,6","","7,7","","14,7","","29,4","","-2,2","","48,3","","0,0","","48,3","","","",,"",,""
"1941-10","1941","10","11,7","","1,9","","6,8","","19,4","","-7,2","S","123,4","","2,0","","125,5","","","",,"",,""
"1941-11","1941","11","4,2","","-2,3","","1,0","","14,4","","-10,6","S","86,1","","8,6","","94,7","","","",,"",,""
"1941-12","1941","12","-3,0","","-10,3","","-6,7","","8,3","","-27,8","S","50,5","","27,7","","78,2","","","",,"",,""
"1942-01","1942","01","-7,1","","-16,6","","-11,9","","3,9","","-32,2","","34,0","","58,7","","92,7","","","",,"",,""
"1942-02","1942","02","-4,6","","-16,4","","-10,5","","6,7","","-31,7","","1,3","","76,2","","77,5","","","",,"",,""
"1942-03","1942","03","3,4","","-4,5","","-0,6","","6,7","S","-11,1","","54,1","","36,1","","90,2","","","",,"",,""
"1942-04","1942","04","11,8","","1,1","","6,5","","28,9","","-4,4","S","52,1","","17,0","","69,1","","","",,"",,""
"1942-05","1942","05","20,7","","9,3","","15,0","","28,3","","1,7","","91,7","","0,0","","91,7","","","",,"",,""
"1942-06","1942","06","24,8","","12,3","","18,6","","33,3","","2,8","","54,1","","0,0","","54,1","","","",,"",,""
"1942-07","1942","07","26,0","","13,3","","19,7","","32,8","","6,7","","80,3","","0,0","","80,3","","","",,"",,""
"1942-08","1942","08","25,1","","11,9","","18,5","","30,6","","2,2","","74,9","","0,0","","74,9","","","",,"",,""
"1942-09","1942","09","21,0","","8,9","","15,0","","31,1","S","-3,3","","115,3","","0,0","","115,3","","","",,"",,""
"1942-10","1942","10","15,1","","2,8","","9,0","","21,7","","-3,3","","73,7","","0,3","","73,9","","","",,"",,""
"1942-11","1942","11","5,0","","-3,3","","0,9","","14,4","S","-12,8","","68,3","","9,9","","78,2","","","",,"",,""
"1942-12","1942","12","-7,3","","-16,1","","-11,7","","1,7","","-36,1","","4,1","","103,4","","107,4","","","",,"",,""
"1943-01","1943","01","-9,8","","-20,9","","-15,4","","1,7","","-34,4","","1,8","","48,5","","50,3","","","",,"",,""
"1943-02","1943","02","-4,1","","-15,9","","-10,0","","5,0","","-35,0","","24,6","","45,0","","69,6","","","",,"",,""
"1943-03","1943","03","-1,4","","-12,0","","-6,7","","7,2","","-35,0","","36,1","","55,9","","91,9","","","",,"",,""
"1943-04","1943","04","6,1","","-4,7","","0,7","","17,8","S","-16,1","","43,7","","53,6","","97,3","","","",,"",,""
"1943-05","1943","05","17,9","","5,9","","11,9","","26,1","","-2,8","","91,7","","0,0","","91,7","","","",,"",,""
"1943-06","1943","06","23,9","","11,8","","17,9","","31,7","","2,8","S","181,6","","0,0","","181,6","","","",,"",,""
"1943-07","1943","07","27,1","","14,0","","20,6","","33,3","","7,2","","111,8","","0,0","","111,8","","","",,"",,""
"1943-08","1943","08","24,4","","12,4","","18,4","","30,0","S","5,6","S","75,2","","0,0","","75,2","","","",,"",,""
"1943-09","1943","09","19,0","","7,4","","13,2","","30,0","","-2,2","","35,3","","0,0","","35,3","","","",,"",,""
"1943-10","1943","10","13,0","","2,9","","8,0","","22,2","","-6,7","","110,5","","0,3","","110,7","","","",,"",,""
"1943-11","1943","11","4,0","","-3,2","","0,4","","10,0","S","-13,3","","58,9","","14,5","","73,4","","","",,"",,""
"1943-12","1943","12","-7,0","","-16,9","","-12,0","","4,4","","-37,8","S","3,0","","58,7","","61,7","","","",,"",,""
"1944-01","1944","01","-5,0","","-15,0","","-10,0","","5,6","","-32,8","","4,3","","51,1","","55,4","","","",,"",,""
"1944-02","1944","02","-5,1","","-17,8","","-11,5","","6,1","","-33,9","","3,8","","59,2","","63,0","","","",,"",,""
"1944-03","1944","03","-0,8","","-11,9","","-6,4","","7,8","S","-27,2","","30,5","","43,4","","73,9","","","",,"",,""
"1944-04","1944","04","9,1","","-3,1","","3,0","","23,3","","-11,1","","38,1","","29,2","","67,3","","","",,"",,""
"1944-05","1944","05","22,6","","7,4","","15,0","","31,1","","-2,8","","42,4","","0,0","","42,4","","","",,"",,""
"1944-06","1944","06","23,9","","11,3","","17,6","","33,9","","1,7","","105,2","","0,0","","105,2","","","",,"",,""
"1944-07","1944","07","27,4","","14,2","","20,8","","33,3","","5,6","","54,6","","0,0","","54,6","","","",,"",,""
"1944-08","1944","08","28,7","","14,0","","21,4","","37,2","","6,1","","44,5","","0,0","","44,5","","","",,"",,""
"1944-09","1944","09","21,2","","9,5","","15,4","","27,8","","-2,8","","124,5","","0,0","","124,5","","","",,"",,""
"1944-10","1944","10","12,5","","2,1","","7,3","","22,8","","-6,7","","43,7","","0,3","","43,9","","","",,"",,""
"1944-11","1944","11","5,3","","-2,2","","1,6","","18,3","","-13,3","","18,0","","41,4","","59,4","","","",,"",,""
"1944-12","1944","12","-6,8","","-17,4","","-12,1","","3,9","","-35,0","","13,2","","77,0","","90,2","","","",,"",,""
"1945-01","1945","01","-10,3","","-21,9","","-16,1","","1,1","","-36,1","S","16,3","","63,0","","79,2","","","",,"",,""
"1945-02","1945","02","-3,4","","-15,3","","-9,4","","4,4","","-27,8","","34,3","","33,3","","67,6","","","",,"",,""
"1945-03","1945","03","6,4","","-4,4","","1,0","","23,3","","-16,7","S","33,3","","31,0","","64,3","","","",,"",,""
"1945-04","1945","04","14,7","","2,6","","8,7","","27,2","S","-7,8","","138,9","","0,0","","138,9","","","",,"",,""
"1945-05","1945","05","16,4","","5,6","","11,0","","27,8","","-2,2","","177,3","","0,0","","177,3","","","",,"",,""
"1945-06","1945","06","23,7","","10,3","","17,0","","32,8","","-1,7","S","74,9","","0,0","","74,9","","","",,"",,""
"1945-07","1945","07","26,3","","14,2","","20,3","","32,2","","7,8","S","104,9","","0,0","","104,9","","","",,"",,""
"1945-08","1945","08","26,3","","13,4","","19,9","","31,7","","4,4","S","107,4","","0,0","","107,4","","","",,"",,""
"1945-09","1945","09","21,2","","10,2","","15,7","","32,2","S","-2,8","","152,9","","0,0","","152,9","","","",,"",,""
"1945-10","1945","10","11,5","","2,1","","6,8","","21,7","","-3,9","S","111,5","","7,6","","119,1","","","",,"",,""
"1945-11","1945","11","4,0","","-3,3","","0,4","","16,7","","-15,6","S","48,3","","41,7","","89,9","","","",,"",,""
"1945-12","1945","12","-5,5","","-14,7","","-10,1","","3,3","","-28,3","","40,9","","24,6","","65,5","","","",,"",,""
"1946-01","1946","01","-6,7","","-16,4","","-11,6","","7,2","","-31,7","","26,7","","65,0","","91,7","","","",,"",,""
"1946-02","1946","02","-7,4","","-19,7","","-13,6","","6,7","","-34,4","","26,4","","53,1","","79,5","","","",,"",,""
"1946-03","1946","03","7,7","","-3,3","","2,2","","20,6","","-16,7","","32,5","","0,8","","33,3","","","",,"",,""
"1946-04","1946","04","10,9","","-0,1","","5,4","","22,8","","-9,4","","70,9","","7,6","","78,5","","","",,"",,""
"1946-05","1946","05","17,1","","4,9","","11,0","","27,8","","-4,4","","92,7","","0,0","","92,7","","","",,"",,""
"1946-06","1946","06","24,8","","10,8","","17,8","","34,4","","1,7","","50,3","","0,0","","50,3","","","",,"",,""
"1946-07","1946","07","26,7","","12,7","","19,7","","34,4","","3,9","","61,0","","0,0","","61,0","","","",,"",,""
"1946-08","1946","08","24,5","","11,3","","17,9","","33,9","","1,7","","85,9","","0,0","","85,9","","","",,"",,""
"1946-09","1946","09","23,1","","8,8","","16,0","","30,6","","0,0","","132,3","","0,0","","132,3","","","",,"",,""
"1946-10","1946","10","16,2","","3,3","","9,8","","29,4","","-6,7","","81,5","","5,1","","86,6","","","",,"",,""
"1946-11","1946","11","4,9","","-2,1","","1,4","","12,2","S","-20,0","","63,8","","21,8","","85,6","","","",,"",,""
"1946-12","1946","12","-3,6","","-10,9","","-7,3","","8,3","","-31,7","","51,6","","69,3","","120,9","","","",,"",,""
"1947-01","1947","01","-6,2","","-16,7","","-11,5","","5,0","","-33,9","","64,5","","50,8","","115,3","","41","",,"",,""
"1947-02","1947","02","-6,2","","-17,7","","-12,0","","2,2","","-32,8","","0,0","","85,1","","85,1","","66","",,"",,""
"1947-03","1947","03","2,5","","-6,9","","-2,2","","8,9","","-15,6","","27,7","","37,1","","64,8","","0","T",,"",,""
"1947-04","1947","04","7,6","","-2,3","","2,7","","15,6","S","-9,4","","58,9","","34,3","","93,2","","","M",,"",,""
"1947-05","1947","05","15,4","","5,1","","10,3","","25,6","","-4,4","","102,9","","0,0","","102,9","","","M",,"",,""
"1947-06","1947","06","22,7","","10,9","","16,8","","32,8","","1,7","","90,9","","0,0","","90,9","","","M",,"",,""
"1947-07","1947","07","26,9","","16,7","","21,8","","31,1","S","7,8","","144,5","","0,0","","144,5","","","M",,"",,""
"1947-08","1947","08","28,3","","15,2","","21,8","","35,6","","5,6","","42,2","","0,0","","42,2","","","M",,"",,""
"1947-09","1947","09","20,7","","8,4","","14,6","","31,7","","-4,4","S","132,8","","0,0","","132,8","","","M",,"",,""
"1947-10","1947","10","18,3","","5,2","","11,8","","26,1","","-5,0","","32,3","","0,0","","32,3","","","M",,"",,""
"1947-11","1947","11","4,6","","-5,0","","-0,2","","14,4","","-20,0","","69,6","","31,0","","100,6","","23","",,"",,""
"1947-12","1947","12","-5,8","","-15,8","","-10,8","","5,0","","-27,2","","14,7","","30,5","","45,2","","20","",,"",,""
"1948-01","1948","01","-8,9","","-20,0","","-14,5","","2,2","S","-36,1","","0,0","","35,3","","35,3","","56","",,"",,""
"1948-02","1948","02","-6,4","","-21,7","","-14,1","","5,6","S","-38,3","","5,1","","35,1","","40,1","","51","",,"",,""
"1948-03","1948","03","0,9","","-10,7","","-4,9","","11,1","","-27,2","","85,1","","11,7","","96,8","","","M",,"",,""
"1948-04","1948","04","11,3","","-0,4","","5,5","","22,2","","-7,8","","73,9","","0,0","","73,9","","","M",,"",,""
"1948-05","1948","05","17,7","","5,6","","11,7","","28,3","","0,0","S","56,9","","0,0","","56,9","","","M",,"",,""
"1948-06","1948","06","23,8","","9,1","","16,5","","32,2","","1,1","","76,7","","0,0","","76,7","","","M",,"",,""
"1948-07","1948","07","28,1","","13,5","","20,8","","32,8","S","7,2","","76,5","","0,0","","76,5","","","M",,"",,""
"1948-08","1948","08","25,3","","13,7","","19,5","","34,4","S","6,1","","65,5","","0,0","","65,5","","","M",,"",,""
"1948-09","1948","09","23,9","","7,9","","15,9","","31,7","","0,6","","23,6","","0,0","","23,6","","","M",,"",,""
"1948-10","1948","10","13,6","","2,4","","8,0","","21,7","S","-5,6","","65,5","","0,0","","65,5","","","M",,"",,""
"1948-11","1948","11","8,3","","1,8","","5,1","","21,7","","-3,9","","114,6","","8,1","","122,7","","","M",,"",,""
"1948-12","1948","12","-0,3","","-8,5","","-4,4","","7,8","S","-23,9","","45,0","","31,2","","76,2","","","M",,"",,""
"1949-01","1949","01","-4,4","","-12,3","","-8,4","","7,2","","-24,4","","37,3","","54,1","","91,4","","30","",,"",,""
"1949-02","1949","02","-3,1","","-13,3","","-8,2","","6,1","","-31,1","","8,1","","41,1","","49,3","","","M",,"",,""
"1949-03","1949","03","1,1","","-9,3","","-4,1","","8,3","","-22,2","","35,6","","42,7","","78,2","","","M",,"",,""
"1949-04","1949","04","12,5","","1,3","","6,9","","22,2","","-4,4","","61,5","","12,7","","74,2","","","M",,"",,""
"1949-05","1949","05","18,9","","5,6","","12,3","","26,7","S","-4,4","","75,9","","0,0","","75,9","","","M",,"",,""
"1949-06","1949","06","25,3","","13,4","","19,4","","33,3","","3,3","","64,3","","0,0","","64,3","","","M",,"",,""
"1949-07","1949","07","28,7","","14,8","","21,8","","36,1","","7,8","","64,5","","0,0","","64,5","","","M",,"",,""
"1949-08","1949","08","28,3","","13,4","","20,9","","35,0","","4,4","","61,5","","0,0","","61,5","","","M",,"",,""
"1949-09","1949","09","19,5","","8,6","","14,1","","28,9","","-1,1","","140,0","","0,0","","140,0","","","M",,"",,""
"1949-10","1949","10","16,1","","4,6","","10,4","","28,9","","-7,2","","38,4","","0,0","","38,4","","","M",,"",,""
"1949-11","1949","11","2,8","","-4,4","","-0,8","","12,2","","-22,8","","80,3","","31,8","","112,0","","","M",,"",,""
"1949-12","1949","12","-0,1","","-8,7","","-4,4","","11,7","","-20,6","","81,5","","22,1","","103,6","","","M",,"",,""
"1950-01","1950","01","-1,7","","-11,9","","-6,8","","12,2","","-25,0","S","68,1","","42,4","","110,5","","13","",,"",,""
"1950-02","1950","02","-6,9","","-18,4","","-12,7","","3,3","","-33,3","","0,8","","92,5","","93,2","","43","",,"",,""
"1950-03","1950","03","-1,2","","-14,1","","-7,7","","10,6","","-35,0","","38,1","","35,8","","73,9","","10","",,"",,""
"1950-04","1950","04","8,8","","-1,2","","3,8","","18,3","","-8,9","S","77,5","","0,0","","77,5","","","M",,"",,""
"1950-05","1950","05","19,2","","5,9","","12,6","","29,4","","-4,4","","55,4","","0,0","","55,4","","","M",,"",,""
"1950-06","1950","06","23,8","","12,1","","18,0","","32,2","","3,3","","113,3","","0,0","","113,3","","","M",,"",,""
"1950-07","1950","07","26,6","","13,9","","20,3","","31,7","","3,9","","70,6","","0,0","","70,6","","","M",,"",,""
"1950-08","1950","08","24,4","","11,7","","18,1","","30,6","","5,0","","140,7","","0,0","","140,7","","","M",,"",,""
"1950-09","1950","09","18,2","","6,5","","12,4","","27,2","","-1,1","S","70,6","","0,0","T","70,6","","","M",,"",,""
"1950-10","1950","10","13,7","","3,9","","8,8","","26,1","","-5,0","","68,6","","3,8","","72,4","","","M",,"",,""
"1950-11","1950","11","6,3","","-0,7","","2,8","","21,1","","-10,0","","126,2","E","11,2","E","137,4","E","","M",,"",,""
"1950-12","1950","12","-2,8","","-10,9","","-6,9","","4,4","S","-30,0","","31,2","","63,5","","94,7","","","M",,"",,""
"1951-01","1951","01","-4,4","","-17,0","","-10,7","","6,1","","-34,4","","35,6","","73,2","","108,7","","41","",,"",,""
"1951-02","1951","02","-3,7","","-15,6","","-9,7","","5,0","","-38,9","","24,1","","51,6","","75,7","","48","",,"",,""
"1951-03","1951","03","1,9","","-6,9","","-2,5","","6,7","S","-17,2","","71,1","","40,9","","112,0","","","M",,"",,""
"1951-04","1951","04","10,7","","2,2","","6,5","","20,6","","-1,1","S","100,3","","0,0","","100,3","","","M",,"",,""
"1951-05","1951","05","20,0","","6,4","","13,2","","29,4","","-1,1","S","42,9","","0,0","","42,9","","","M",,"",,""
"1951-06","1951","06","22,7","","11,1","","16,9","","29,4","","2,8","","80,3","","0,0","","80,3","","","M",,"",,""
"1951-07","1951","07","26,3","","14,2","","20,3","","31,1","","9,4","","74,2","","0,0","","74,2","","","M",,"",,""
"1951-08","1951","08","23,4","","12,1","","17,8","","30,0","","5,0","","99,6","","0,0","","99,6","","","M",,"",,""
"1951-09","1951","09","20,1","","7,7","","13,9","","28,9","S","-3,9","","68,8","","0,0","","68,8","","","M",,"",,""
"1951-10","1951","10","14,4","","2,8","","8,6","","25,0","","-3,9","","57,9","","0,0","T","57,9","","","M",,"",,""
"1951-11","1951","11","2,3","","-5,7","","-1,7","","15,0","","-21,7","","114,3","","22,1","","136,4","","","M",,"",,""
"1951-12","1951","12","-2,9","","-14,1","","-8,5","","14,4","","-35,0","","20,8","","87,1","","108,0","","","M",,"",,""
"1952-01","1952","01","-4,9","","-19,4","","-12,2","","7,2","","-37,8","","44,5","","57,2","","101,6","","","",,"",,""
"1952-02","1952","02","-2,3","","-13,3","","-7,8","","4,4","","-25,0","","15,7","","52,1","","67,8","","","",,"",,""
"1952-03","1952","03","1,6","","-8,1","","-3,3","","6,1","","-25,6","","45,0","","25,9","","70,9","","","",,"",,""
"1952-04","1952","04","12,3","","0,4","","6,4","","26,1","","-5,6","","61,2","","0,0","","61,2","","","",,"",,""
"1952-05","1952","05","17,2","","5,4","","11,3","","25,6","","-2,2","","108,0","","0,0","","108,0","","","",,"",,""
"1952-06","1952","06","24,7","","12,0","","18,4","","29,4","","3,9","","53,3","","0,0","","53,3","","","",,"",,""
"1952-07","1952","07","28,3","","16,1","","22,2","","32,8","","6,1","","116,6","","0,0","","116,6","","","",,"",,""
"1952-08","1952","08","26,0","","13,1","","19,6","","31,7","","6,1","","175,3","","0,0","","175,3","","","",,"",,""
"1952-09","1952","09","21,0","","9,0","","15,0","","28,3","","-0,6","","152,1","","0,0","","152,1","","","",,"",,""
"1952-10","1952","10","11,6","","1,7","","6,7","","20,6","","-5,6","","97,5","","0,0","","97,5","","","",,"",,""
"1952-11","1952","11","5,8","","-1,3","","2,3","","14,4","","-10,0","","48,5","","2,0","","50,5","","","",,"",,""
"1952-12","1952","12","-1,1","","-8,8","","-5,0","","7,8","","-27,2","","53,8","","59,2","","113,0","","","",,"",,""
"1953-01","1953","01","-2,1","","-14,7","","-8,4","","7,8","S","-26,1","S","52,3","","38,6","","90,9","","","",,"",,""
"1953-02","1953","02","-2,4","","-11,9","","-7,2","","10,0","","-25,6","","10,7","","15,2","","25,9","","","",,"",,""
"1953-03","1953","03","3,1","","-6,4","","-1,7","","16,1","","-19,4","","86,9","","2,5","","89,4","","","",,"",,""
"1953-04","1953","04","11,4","","1,3","","6,4","","17,2","","-4,4","","72,9","","0,0","","72,9","","","",,"",,""
"1953-05","1953","05","19,7","","6,7","","13,2","","30,6","","-1,1","","85,3","","0,0","","85,3","","","",,"",,""
"1953-06","1953","06","24,9","","11,4","","18,2","","32,2","","1,1","","86,1","","0,0","","86,1","","","",,"",,""
"1953-07","1953","07","26,8","","14,9","","20,9","","37,2","","6,7","","85,1","","0,0","","85,1","","","",,"",,""
"1953-08","1953","08","26,6","","12,0","","19,3","","34,4","S","3,9","","35,8","","0,0","","35,8","","","",,"",,""
"1953-09","1953","09","20,9","","8,6","","14,8","","32,8","","-1,7","","71,6","","0,0","","71,6","","","",,"",,""
"1953-10","1953","10","15,2","","3,2","","9,2","","25,6","","-3,9","","30,7","","0,0","","30,7","","","",,"",,""
"1953-11","1953","11","8,1","","0,1","","4,1","","18,3","","-10,0","","47,2","","0,5","","47,8","","","",,"",,""
"1953-12","1953","12","0,9","","-8,5","","-3,8","","11,7","","-21,7","","62,7","","23,1","","85,9","","","",,"",,""
"1954-01","1954","01","-8,9","","-20,3","","-14,6","","2,8","","-35,6","","16,0","","60,7","","76,7","","","",,"",,""
"1954-02","1954","02","-1,1","","-12,6","","-6,9","","7,8","","-31,7","","20,6","","79,5","","100,1","","","",,"",,""
"1954-03","1954","03","1,0","","-9,7","","-4,4","","8,3","","-17,2","","17,8","","28,4","","46,2","","","",,"",,""
"1954-04","1954","04","10,3","","-3,4","","3,5","","25,0","","-19,4","","105,2","","10,4","","115,6","","","",,"",,""
"1954-05","1954","05","16,6","","6,3","","11,5","","25,6","","-0,6","","107,7","","0,0","","107,7","","","",,"",,""
"1954-06","1954","06","22,5","","12,6","","17,6","","28,9","S","6,1","","84,1","","0,0","","84,1","","","",,"",,""
"1954-07","1954","07","25,3","","12,9","","19,1","","30,0","S","5,0","","70,9","","0,0","","70,9","","","",,"",,""
"1954-08","1954","08","24,1","","11,3","","17,7","","30,6","","3,9","","113,5","","0,0","","113,5","","","",,"",,""
"1954-09","1954","09","17,7","","8,5","","13,1","","25,6","","0,6","","158,5","","0,0","","158,5","","","",,"",,""
"1954-10","1954","10","14,6","","4,1","","9,4","","26,7","","-2,2","S","88,4","","0,0","","88,4","","","",,"",,""
"1954-11","1954","11","5,8","","-1,5","","2,2","","15,6","","-8,3","","87,6","","12,2","","99,8","","","",,"",,""
"1954-12","1954","12","-2,8","","-11,6","","-7,2","","2,8","","-19,4","S","37,8","","90,2","","128,0","","","",,"",,""
"1955-01","1955","01","-7,6","","-18,9","","-13,3","","1,7","","-35,0","","0,0","","28,4","","28,4","","53","",,"",,""
"1955-02","1955","02","-4,2","","-18,2","","-11,2","","5,0","","-36,7","","6,6","","41,1","","47,8","","","M",,"",,""
"1955-03","1955","03","-0,8","","-9,8","","-5,3","","6,1","S","-21,1","","28,2","","62,7","","90,9","","","M",,"",,""
"1955-04","1955","04","10,9","","0,9","","5,9","","22,2","","-9,4","","42,2","","0,0","T","42,2","","","M",,"",,""
"1955-05","1955","05","20,9","","8,3","","14,6","","28,9","S","0,0","S","101,6","","0,0","","101,6","","","M",,"",,""
"1955-06","1955","06","25,6","","12,7","","19,2","","32,2","S","7,8","S","63,8","","0,0","","63,8","","","M",,"",,""
"1955-07","1955","07","29,9","","15,6","","22,8","","35,6","","8,3","S","32,5","","0,0","","32,5","","","M",,"",,""
"1955-08","1955","08","27,8","","15,4","","21,6","","35,0","","6,1","S","96,8","","0,0","","96,8","","","M",,"",,""
"1955-09","1955","09","20,7","","6,4","","13,6","","30,0","","-1,1","","","M","","M","","M","","M",,"",,""
"1955-10","1955","10","13,7","","4,2","","9,0","","23,3","","-3,3","","82,0","","3,0","","85,1","","","M",,"",,""
"1955-11","1955","11","4,4","","-2,7","","0,9","","12,8","","-12,8","","32,8","","15,2","","48,0","","","M",,"",,""
"1955-12","1955","12","-6,3","","-16,7","","-11,5","","2,8","","-33,3","","1,3","","31,8","","33,0","","","M",,"",,""
"1956-01","1956","01","-3,5","","-12,3","","-7,9","","5,0","S","-30,0","","13,5","","34,3","","47,8","","","M",,"",,""
"1956-02","1956","02","-3,3","","-13,4","","-8,4","","6,7","","-26,7","","3,0","","53,8","","56,9","","","M",,"",,""
"1956-03","1956","03","-1,3","","-12,5","","-6,9","","4,4","","-25,6","","8,1","","43,2","","51,3","","38","",,"",,""
"1956-04","1956","04","9,2","","-0,6","","4,3","","17,2","","-7,8","","80,3","","5,6","","85,9","","","M",,"",,""
"1956-05","1956","05","15,6","","3,1","","9,4","","25,0","S","-5,0","","96,0","","0,0","","96,0","","0","",,"",,""
"1956-06","1956","06","23,4","","11,4","","17,4","","35,0","","2,2","S","73,2","","0,0","","73,2","","0","",,"",,""
"1956-07","1956","07","24,4","","9,6","","17,0","","29,4","","3,3","S","94,0","","0,0","","94,0","","0","",,"",,""
"1956-08","1956","08","24,7","","12,6","","18,7","","30,0","S","4,4","","75,4","","0,0","","75,4","","0","",,"",,""
"1956-09","1956","09","17,9","","6,6","","12,3","","26,7","","-1,1","S","91,4","","0,0","","91,4","","0","",,"",,""
"1956-10","1956","10","14,6","","2,8","","8,7","","23,9","","-4,4","","39,4","","0,0","","39,4","","0","",,"",,""
"1956-11","1956","11","5,4","","-2,9","","1,3","","16,7","S","-13,3","","37,1","","22,1","","59,2","","0","",,"",,""
"1956-12","1956","12","-2,6","","-11,6","","-7,1","","5,6","S","-26,1","","14,0","","25,4","","39,4","","0","",,"",,""
"1957-01","1957","01","-9,7","","-20,8","","-15,3","","5,6","","-43,3","","35,6","","31,8","","67,3","","","M",,"",,""
"1957-02","1957","02","-2,9","","-12,2","","-7,6","","2,2","","-28,9","","22,9","","10,2","","33,0","","","M",,"",,""
"1957-03","1957","03","3,0","","-5,8","","-1,4","","10,6","","-15,6","","9,9","","22,4","","32,3","","","M",,"",,""
"1957-04","1957","04","12,6","","0,9","","6,8","","26,7","","-8,9","","51,8","","4,3","","56,1","","","M",,"",,""
"1957-05","1957","05","18,6","","5,5","","12,1","","26,7","","-3,9","","45,5","","0,0","","45,5","","0","",,"",,""
"1957-06","1957","06","25,0","","12,4","","18,7","","32,8","","2,8","","197,1","","0,0","","197,1","","0","",,"",,""
"1957-07","1957","07","25,7","","13,7","","19,7","","31,7","","8,3","","131,3","","0,0","","131,3","","0","",,"",,""
"1957-08","1957","08","24,6","","10,2","","17,4","","30,6","","1,7","","23,9","","0,0","","23,9","","0","",,"",,""
"1957-09","1957","09","20,8","","8,8","","14,8","","27,2","","-2,2","","139,7","","0,0","","139,7","","0","",,"",,""
"1957-10","1957","10","14,0","","3,3","","8,7","","22,8","","-5,6","","70,1","","0,0","","70,1","","","M",,"",,""
"1957-11","1957","11","6,4","","-0,1","","3,2","","13,9","S","-16,7","","99,1","","3,3","","102,4","","0","",,"",,""
"1957-12","1957","12","0,2","","-9,4","","-4,6","","12,8","","-23,9","","87,9","","56,4","","144,3","","","M",,"",,""
"1958-01","1958","01","-3,8","","-12,2","","-8,0","","2,8","S","-27,8","","15,7","","51,3","","67,1","","","M",,"",,""
"1958-02","1958","02","-6,9","","-18,2","","-12,6","","2,2","","-34,4","","0,0","","88,4","","88,4","","","M",,"",,""
"1958-03","1958","03","3,9","","-3,8","","0,1","","9,4","","-10,6","","6,6","","48,0","","54,6","","28","",,"",,""
"1958-04","1958","04","12,0","","0,6","","6,3","","23,3","","-3,9","","24,9","","8,6","","33,5","","0","",,"",,""
"1958-05","1958","05","16,9","","3,9","","10,4","","27,2","","-3,3","","54,9","","0,0","","54,9","","","M",,"",,""
"1958-06","1958","06","21,0","","8,2","","14,6","","28,3","","0,6","","94,0","","0,0","","94,0","","","M",,"",,""
"1958-07","1958","07","25,8","","14,2","","20,0","","31,1","","6,7","","118,4","","0,0","","118,4","","","M",,"",,""
"1958-08","1958","08","25,4","","11,6","","18,5","","30,0","","5,6","","116,1","","0,0","","116,1","","","M",,"",,""
"1958-09","1958","09","19,9","","9,3","","14,6","","27,2","","2,2","","132,8","","0,0","","132,8","","","M",,"",,""
"1958-10","1958","10","12,4","","2,8","","7,6","","23,3","","-5,0","","96,5","","0,8","","97,3","","","M",,"",,""
"1958-11","1958","11","5,8","","-2,6","","1,6","","15,0","S","-17,8","","25,9","","35,6","","61,5","","","M",,"",,""
"1958-12","1958","12","-9,2","","-22,7","","-16,0","","0,6","S","-35,0","","0,0","","52,1","","52,1","","","M",,"",,""
"1959-01","1959","01","-7,2","","-17,7","","-12,5","","6,7","","-35,6","","24,6","","80,8","","105,4","","64","",,"",,""
"1959-02","1959","02","-6,4","","-20,6","","-13,5","","4,4","","-36,1","","5,6","","41,1","","46,7","","74","",,"",,""
"1959-03","1959","03","-0,1","","-12,3","","-6,2","","10,0","","-27,2","","15,5","","42,9","","58,4","","76","",,"",,""
"1959-04","1959","04","10,9","","-0,8","","5,1","","19,4","S","-7,2","","44,7","","1,3","","46,0","","","M",,"",,""
"1959-05","1959","05","21,1","","7,1","","14,1","","30,0","","-2,2","","36,1","","0,0","","36,1","","","M",,"",,""
"1959-06","1959","06","22,7","","11,9","","17,3","","32,8","","5,0","","105,2","","0,0","","105,2","","","M",,"",,""
"1959-07","1959","07","28,2","","14,7","","21,5","","34,4","","8,9","","61,7","","0,0","","61,7","","","M",,"",,""
"1959-08","1959","08","26,0","","15,1","","20,6","","31,7","","6,1","S","166,9","","0,0","","166,9","","","M",,"",,""
"1959-09","1959","09","21,9","","9,7","","15,8","","29,4","","-1,7","","50,3","","0,0","","50,3","","","M",,"",,""
"1959-10","1959","10","11,6","","2,5","","7,1","","22,2","S","-7,2","","102,1","","0,0","T","102,1","","","M",,"",,""
"1959-11","1959","11","4,2","","-3,8","","0,2","","16,7","S","-21,1","","58,9","","34,3","","93,2","","","M",,"",,""
"1959-12","1959","12","-2,8","","-10,7","","-6,8","","6,1","","-23,3","S","15,2","","40,1","","55,4","","10","",,"",,""
"1960-01","1960","01","-6,7","","-16,9","","-11,8","","2,2","","-34,4","","0,0","","56,1","","56,1","","30","",,"",,""
"1960-02","1960","02","-2,3","","-11,1","","-6,7","","4,4","","-24,4","","51,6","","120,7","","172,2","","58","",,"",,""
"1960-03","1960","03","-0,9","","-10,9","","-5,9","","5,6","","-26,7","","20,6","","21,6","","42,2","","46","",,"",,""
"1960-04","1960","04","9,3","","-0,8","","4,3","","21,7","S","-11,1","","63,0","","2,0","","65,0","","","M",,"",,""
"1960-05","1960","05","21,4","","9,1","","15,3","","28,9","","-1,7","","89,9","","0,0","","89,9","","","M",,"",,""
"1960-06","1960","06","24,0","","11,2","","17,6","","29,4","","1,1","","76,2","","0,0","","76,2","","","M",,"",,""
"1960-07","1960","07","25,2","","12,5","","18,9","","30,6","S","7,2","","85,6","","0,0","","85,6","","","M",,"",,""
"1960-08","1960","08","26,2","","11,4","","18,8","","31,7","","3,9","","59,7","","0,0","","59,7","","","M",,"",,""
"1960-09","1960","09","20,4","","9,3","","14,9","","31,1","","-0,6","","75,2","","0,0","","75,2","","","M",,"",,""
"1960-10","1960","10","12,8","","2,3","","7,6","","17,8","S","-4,4","","115,8","","0,0","","115,8","","","M",,"",,""
"1960-11","1960","11","7,6","","0,1","","3,9","","14,4","","-7,2","","79,2","","2,5","","81,8","","","M",,"",,""
"1960-12","1960","12","-4,1","","-13,9","","-9,0","","10,6","","-30,0","","8,1","","61,2","","69,3","","30","",,"",,""
"1961-01","1961","01","-9,7","","-22,6","","-16,2","","2,8","","-35,0","","0,0","","35,6","","35,6","","36","",,"",,""
"1961-02","1961","02","-3,0","","-14,8","","-8,9","","5,6","","-32,2","","36,8","","36,8","","73,7","","36","",,"",,""
"1961-03","1961","03","0,6","","-10,1","","-4,8","","9,4","","-23,3","S","26,7","","49,5","","76,2","","8","",,"",,""
"1961-04","1961","04","9,2","","0,6","","4,9","","20,0","","-3,9","","92,5","","20,8","","113,3","","","M",,"",,""
"1961-05","1961","05","16,8","","4,8","","10,8","","29,4","","-3,9","","58,4","","0,0","","58,4","","","M",,"",,""
"1961-06","1961","06","22,9","","10,4","","16,7","","30,0","S","2,2","S","124,5","","0,0","","124,5","","","M",,"",,""
"1961-07","1961","07","25,3","","14,6","","20,0","","30,6","","7,8","","99,6","","0,0","","99,6","","","M",,"",,""
"1961-08","1961","08","24,7","","13,3","","19,0","","30,6","","5,0","","111,0","","0,0","","111,0","","","M",,"",,""
"1961-09","1961","09","23,2","","11,2","","17,2","","31,1","","-0,6","S","19,6","","0,0","","19,6","","","M",,"",,""
"1961-10","1961","10","15,0","","4,3","","9,7","","24,4","","-6,1","","52,3","","0,0","","52,3","","0","",,"",,""
"1961-11","1961","11","6,2","","-1,6","","2,3","","17,2","","-8,3","S","27,4","","14,2","","41,7","","10","",,"",,""
"1961-12","1961","12","-1,8","","-9,6","","-5,7","","8,9","","-20,0","S","38,9","","43,7","","82,6","","13","",,"",,""
"1962-01","1962","01","-7,3","","-17,7","","-12,5","","4,4","","-33,9","","33,0","","50,8","","91,4","","20","",,"",,""
"1962-02","1962","02","-7,2","","-19,9","","-13,6","","5,0","","-37,8","S","6,1","","67,3","","73,4","","36","",,"",,""
"1962-03","1962","03","3,4","","-8,0","","-2,3","","16,7","","-25,0","","3,3","","46,5","","49,8","","8","",,"",,""
"1962-04","1962","04","8,8","","-0,6","","4,1","","28,9","","-13,3","","91,2","","29,2","","120,4","","0","",,"",,""
"1962-05","1962","05","19,4","","6,8","","13,1","","32,2","","-2,2","","34,5","","0,0","","34,5","","0","",,"",,""
"1962-06","1962","06","25,1","","10,9","","18,0","","31,1","","5,0","S","61,7","","0,0","","61,7","","0","",,"",,""
"1962-07","1962","07","24,4","","11,5","","18,0","","32,8","","5,0","S","121,4","","0,0","","121,4","","0","",,"",,""
"1962-08","1962","08","24,5","","12,6","","18,6","","30,6","","6,1","S","39,6","","0,0","","39,6","","0","",,"",,""
"1962-09","1962","09","18,1","","7,2","","12,7","","26,7","","-2,8","","71,9","","0,0","","71,9","","0","",,"",,""
"1962-10","1962","10","11,7","","3,1","","7,4","","22,2","","-6,1","","113,3","","16,5","","129,8","","0","T",,"",,""
"1962-11","1962","11","3,7","","-4,4","","-0,4","","8,9","","-11,7","","28,7","","15,7","","44,5","","0","",,"",,""
"1962-12","1962","12","-3,9","","-13,1","","-8,5","","12,2","","-29,4","","7,9","","68,1","","75,9","","20","",,"",,""
"1963-01","1963","01","-7,3","","-16,4","","-11,9","","3,3","","-33,9","","3,0","","46,2","","49,3","","23","",,"",,""
"1963-02","1963","02","-9,2","","-21,3","","-15,3","","0,6","","-37,2","","0,0","","81,3","","81,3","","48","",,"",,""
"1963-03","1963","03","0,4","","-11,2","","-5,4","","9,4","","-26,1","","20,3","","46,0","","66,3","","23","",,"",,""
"1963-04","1963","04","10,6","","-0,9","","4,9","","19,4","","-8,3","S","81,0","","2,3","","83,3","","0","",,"",,""
"1963-05","1963","05","17,7","","4,6","","11,2","","25,0","S","-3,3","","50,8","","14,0","","64,8","","","M",,"",,""
"1963-06","1963","06","25,4","","11,6","","18,5","","33,9","","1,7","","34,5","","0,0","","34,5","","0","",,"",,""
"1963-07","1963","07","26,7","","15,4","","21,1","","35,0","","8,3","","62,0","","0,0","","62,0","","0","",,"",,""
"1963-08","1963","08","22,1","","10,8","","16,5","","28,9","","6,1","","161,5","","0,0","","161,5","","0","",,"",,""
"1963-09","1963","09","18,3","","4,9","","11,6","","24,4","","-3,3","","134,1","","0,0","","134,1","","0","",,"",,""
"1963-10","1963","10","17,4","","5,2","","11,3","","23,9","S","-4,4","","23,9","","0,0","","23,9","","0","",,"",,""
"1963-11","1963","11","7,5","","0,4","","4,0","","17,8","","-8,3","","161,0","","3,8","","164,8","","0","",,"",,""
"1963-12","1963","12","-8,9","","-17,3","","-13,1","","2,2","S","-30,0","","9,1","","30,0","","39,1","","10","",,"",,""
"1964-01","1964","01","-2,7","","-12,2","","-7,5","","7,2","","-27,2","","68,8","","31,5","","100,3","","5","",,"",,""
"1964-02","1964","02","-4,2","","-15,1","","-9,7","","3,9","","-33,9","","0,5","","29,2","","29,7","","15","",,"",,""
"1964-03","1964","03","2,1","","-6,7","","-2,3","","12,8","","-16,7","","41,7","","38,1","","79,8","","5","",,"",,""
"1964-04","1964","04","11,0","","-0,4","","5,3","","22,2","","-11,1","","52,1","","4,6","","56,6","","0","",,"",,""
"1964-05","1964","05","20,1","","6,7","","13,4","","30,6","","-2,2","","69,1","","0,0","","69,1","","0","",,"",,""
"1964-06","1964","06","24,4","","10,1","","17,3","","35,0","","2,8","","28,4","","0,0","","28,4","","0","",,"",,""
"1964-07","1964","07","26,2","","14,8","","20,5","","33,3","","5,0","","126,5","","0,0","","126,5","","0","",,"",,""
"1964-08","1964","08","22,1","","10,7","","16,4","","28,3","","5,6","S","81,8","","0,0","","81,8","","0","",,"",,""
"1964-09","1964","09","19,4","","6,1","","12,8","","25,6","","-1,7","","23,6","","0,0","","23,6","","0","",,"",,""
"1964-10","1964","10","12,4","","0,8","","6,6","","21,7","","-5,6","S","39,9","","0,0","","39,9","","0","",,"",,""
"1964-11","1964","11","4,8","","-5,0","","-0,1","","15,0","","-21,1","","59,7","","24,1","","83,8","","0","",,"",,""
"1964-12","1964","12","-2,8","","-10,9","","-6,9","","11,1","","-25,0","","35,1","","50,8","","85,9","","8","",,"",,""
"1965-01","1965","01","-6,4","","-18,1","","-12,3","","8,9","","-32,8","S","17,8","","43,2","","61,0","","30","",,"",,""
"1965-02","1965","02","-5,5","","-17,0","","-11,3","","5,6","S","-32,8","","38,4","","32,5","","70,9","","23","",,"",,""
"1965-03","1965","03","1,7","","-8,1","","-3,2","","8,9","","-17,2","","0,8","","18,8","","19,6","","0","T",,"",,""
"1965-04","1965","04","10,4","","-1,7","","4,4","","22,2","","-13,3","","56,4","","0,0","","56,4","","0","",,"",,""
"1965-05","1965","05","19,6","","5,4","","12,5","","26,7","S","-2,8","","52,3","","0,0","","52,3","","0","",,"",,""
"1965-06","1965","06","23,8","","10,0","","16,9","","33,3","","-0,6","","33,0","","0,0","","33,0","","0","",,"",,""
"1965-07","1965","07","24,9","","10,7","","17,8","","30,0","","5,0","","66,0","","0,0","","66,0","","0","",,"",,""
"1965-08","1965","08","23,6","","12,9","","18,3","","31,7","","0,6","","133,9","","0,0","","133,9","","0","",,"",,""
"1965-09","1965","09","20,3","","9,4","","14,9","","31,1","","-2,2","S","89,9","","0,0","","89,9","","0","",,"",,""
"1965-10","1965","10","11,3","","2,8","","7,1","","20,6","","-7,2","","117,1","","0,8","","117,9","","0","",,"",,""
"1965-11","1965","11","2,4","","-4,8","","-1,2","","15,0","","-16,1","","53,6","","43,7","","97,3","","18","",,"",,""
"1965-12","1965","12","-2,3","","-10,1","","-6,2","","7,2","","-27,8","","27,2","","25,1","","52,3","","15","",,"",,""
"1966-01","1966","01","-6,6","","-16,1","","-11,4","","5,0","","-34,4","","2,3","","73,2","","75,4","","56","",,"",,""
"1966-02","1966","02","-4,1","","-16,3","","-10,2","","5,6","","-35,6","","33,8","","18,0","","51,8","","53","",,"",,""
"1966-03","1966","03","1,9","","-6,2","","-2,2","","11,1","","-16,7","","43,4","","10,9","","54,4","","0","",,"",,""
"1966-04","1966","04","10,2","","-0,4","","4,9","","18,9","","-7,2","","15,7","","0,0","","15,7","","0","",,"",,""
"1966-05","1966","05","17,0","","3,8","","10,4","","29,4","","-7,2","","49,0","","5,1","","54,1","","0","",,"",,""
"1966-06","1966","06","24,2","","11,2","","17,7","","31,1","","1,7","","88,4","","0,0","","88,4","","0","",,"",,""
"1966-07","1966","07","26,9","","13,2","","20,1","","33,9","","6,7","S","35,6","","0,0","","35,6","","0","",,"",,""
"1966-08","1966","08","24,2","","13,2","","18,7","","30,6","","6,1","","123,2","","0,0","","123,2","","0","",,"",,""
"1966-09","1966","09","18,8","","6,2","","12,5","","27,8","","-3,3","","60,2","","0,0","","60,2","","0","",,"",,""
"1966-10","1966","10","13,1","","2,5","","7,8","","22,2","","-8,3","","42,2","","0,0","T","42,2","","0","",,"",,""
"1966-11","1966","11","6,8","","-0,3","","3,3","","18,3","","-10,0","S","80,8","","0,5","","81,3","","0","",,"",,""
"1966-12","1966","12","-2,8","","-10,3","","-6,6","","5,0","S","-23,3","","51,6","","55,4","","106,9","","33","",,"",,""
"1967-01","1967","01","-3,6","","-13,2","","-8,4","","5,0","","-33,9","","15,2","","48,0","","63,2","","41","",,"",,""
"1967-02","1967","02","-8,3","","-21,6","","-15,0","","2,2","","-36,7","","0,0","","36,3","","36,3","","56","",,"",,""
"1967-03","1967","03","-1,3","","-12,8","","-7,1","","8,3","","-28,3","","4,3","","7,4","","11,7","","23","",,"",,""
"1967-04","1967","04","9,1","","-1,3","","3,9","","16,7","","-10,0","","56,6","","0,5","","57,2","","0","",,"",,""
"1967-05","1967","05","14,7","","2,3","","8,5","","25,0","","-3,9","","55,1","","0,0","","55,1","","0","",,"",,""
"1967-06","1967","06","24,7","","12,3","","18,5","","31,7","","3,9","","81,3","","0,0","","81,3","","0","",,"",,""
"1967-07","1967","07","26,4","","15,3","","20,9","","30,6","S","10,6","S","87,1","","0,0","","87,1","","0","",,"",,""
"1967-08","1967","08","24,6","","13,2","","18,9","","30,0","","5,6","S","59,9","","0,0","","59,9","","0","",,"",,""
"1967-09","1967","09","20,5","","8,1","","14,3","","27,2","S","0,0","","50,8","","0,0","","50,8","","0","",,"",,""
"1967-10","1967","10","12,7","","3,1","","7,9","","25,0","","-2,8","S","88,9","","0,0","","88,9","","0","",,"",,""
"1967-11","1967","11","2,9","","-4,0","","-0,6","","13,9","S","-17,8","","63,2","","21,8","","85,1","","0","",,"",,""
"1967-12","1967","12","-1,8","","-11,1","","-6,5","","8,9","","-26,1","","60,5","","26,4","","86,9","","8","",,"",,""
"1968-01","1968","01","-9,7","","-20,7","","-15,2","","3,3","","-33,9","","10,2","","39,6","","49,8","","20","",,"",,""
"1968-02","1968","02","-7,4","","-17,1","","-12,3","","6,7","","-25,0","","16,8","","16,3","","33,0","","18","",,"",,""
"1968-03","1968","03","2,6","","-5,9","","-1,7","","15,6","","-19,4","","70,9","","23,9","","94,7","","0","",,"",,""
"1968-04","1968","04","14,2","","1,3","","7,8","","25,6","","-6,7","","58,4","","0,0","","58,4","","","M",,"",,""
"1968-05","1968","05","18,1","","4,4","","11,3","","25,6","","-2,2","","35,1","","0,0","","35,1","","0","",,"",,""
"1968-06","1968","06","20,8","","10,5","","15,7","","27,2","","3,3","","85,6","","0,0","","85,6","","0","",,"",,""
"1968-07","1968","07","26,0","","13,6","","19,8","","32,8","","5,6","","88,9","","0,0","","88,9","","0","",,"",,""
"1968-08","1968","08","22,9","","10,6","","16,8","","28,3","S","3,9","S","51,8","","0,0","","51,8","","0","",,"",,""
"1968-09","1968","09","22,3","","10,5","","16,4","","28,3","","2,2","","38,4","","0,0","","38,4","","0","",,"",,""
"1968-10","1968","10","15,2","","5,0","","10,1","","26,7","","-2,8","","92,2","","0,0","","92,2","","0","",,"",,""
"1968-11","1968","11","2,2","","-4,2","","-1,0","","10,6","","-10,6","S","63,0","","52,8","","130,6","","20","",,"",,""
"1968-12","1968","12","-6,1","","-14,3","","-10,2","","5,0","","-35,6","","1,3","","100,8","","123,7","","69","",,"",,""
"1969-01","1969","01","-5,3","","-14,9","","-10,1","","3,9","","-27,8","","55,9","","25,4","","81,3","","58","",,"",,""
"1969-02","1969","02","-3,1","","-11,7","","-7,4","","2,8","S","-21,7","","0,0","","22,9","","25,7","","58","",,"",,""
"1969-03","1969","03","0,1","","-8,7","","-4,3","","8,3","","-25,0","","49,3","","16,0","","64,5","","30","",,"",,""
"1969-04","1969","04","8,6","","-1,3","","3,7","","20,0","S","-16,1","","77,7","","15,2","","95,5","","0","",,"",,""
"1969-05","1969","05","16,7","","4,7","","10,7","","27,8","","-2,2","","113,3","","0,0","","113,3","","0","",,"",,""
"1969-06","1969","06","22,6","","11,6","","17,1","","32,2","","1,7","","81,3","","0,0","","81,3","","0","",,"",,""
"1969-07","1969","07","26,0","","13,8","","19,9","","32,2","","3,9","","71,1","","0,0","","71,1","","0","",,"",,""
"1969-08","1969","08","25,8","","14,7","","20,3","","31,1","","4,4","","97,3","","0,0","","97,3","","0","",,"",,""
"1969-09","1969","09","18,6","","7,9","","13,3","","27,2","","-0,6","","77,2","","0,0","","77,2","","0","",,"",,""
"1969-10","1969","10","12,0","","2,6","","7,3","","22,2","","-7,8","","55,6","","1,0","","56,6","","0","",,"",,""
"1969-11","1969","11","5,1","","-1,3","","1,9","","13,3","S","-21,1","","77,2","","17,8","","93,5","","8","",,"",,""
"1969-12","1969","12","-4,3","","-12,5","","-8,4","","3,3","","-26,7","","42,2","","63,5","","124,2","","36","",,"",,""
"1970-01","1970","01","-10,9","","-23,3","","-17,1","","4,4","","-35,6","","6,1","","15,5","","25,9","","33","",,"",,""
"1970-02","1970","02","-5,8","","-16,6","","-11,2","","4,4","","-30,6","S","25,7","","39,4","","66,3","","38","",,"",,""
"1970-03","1970","03","0,3","","-9,1","","-4,4","","6,7","","-18,3","S","36,8","","22,4","","59,4","","25","",,"",,""
"1970-04","1970","04","9,9","","-1,2","","4,4","","25,0","S","-12,2","","30,7","","24,6","","66,3","","0","",,"",,""
"1970-05","1970","05","17,7","","5,7","","11,7","","25,6","","-1,1","","55,1","","5,1","","60,2","","0","",,"",,""
"1970-06","1970","06","24,3","","11,1","","17,7","","30,0","S","4,4","","44,2","","0,0","","44,2","","0","",,"",,""
"1970-07","1970","07","27,6","","15,2","","21,4","","33,3","","5,6","","51,6","","0,0","","51,6","","0","",,"",,""
"1970-08","1970","08","25,9","","13,2","","19,6","","33,3","S","5,0","","65,0","","0,0","","65,0","","0","",,"",,""
"1970-09","1970","09","19,2","","8,9","","14,1","","28,3","","2,2","","133,1","","0,0","","133,1","","0","",,"",,""
"1970-10","1970","10","14,7","","4,8","","9,8","","25,0","","-5,0","","117,6","","0,0","","117,6","","0","",,"",,""
"1970-11","1970","11","6,3","","-1,0","","2,7","","15,0","","-11,1","","62,5","","10,9","","82,0","","3","",,"",,""
"1970-12","1970","12","-6,9","","-15,9","","-11,4","","10,0","","-32,2","","1,3","","84,1","","82,6","","38","",,"",,""
"1971-01","1971","01","-10,0","","-21,4","","-15,7","","2,8","","-37,2","","8,9","","66,0","","71,4","","64","",,"",,""
"1971-02","1971","02","-4,6","","-15,6","","-10,1","","5,6","","-40,6","","10,4","","84,3","","117,3","","94","",,"",,""
"1971-03","1971","03","-0,4","","-11,3","","-5,9","","7,2","","-21,7","","4,3","","72,4","","83,1","","86","",,"",,""
"1971-04","1971","04","6,7","","-2,9","","1,9","","14,4","S","-11,1","S","30,7","","6,4","","39,1","","0","",,"",,""
"1971-05","1971","05","18,2","","6,2","","12,2","","30,6","","-2,2","","52,6","","0,0","","52,6","","0","",,"",,""
"1971-06","1971","06","24,7","","10,1","","17,4","","33,9","","1,1","S","31,5","","0,0","","31,5","","0","",,"",,""
"1971-07","1971","07","25,8","","13,3","","19,6","","31,1","","4,4","","103,6","","0,0","","103,6","","0","",,"",,""
"1971-08","1971","08","23,9","","12,8","","18,4","","30,6","","2,8","","111,0","","0,0","","111,0","","0","",,"",,""
"1971-09","1971","09","21,7","","11,3","","16,5","","28,9","","3,9","","52,6","","0,0","","52,6","","0","",,"",,""
"1971-10","1971","10","15,2","","5,3","","10,3","","23,3","","-3,3","","49,3","","0,0","","49,3","","0","",,"",,""
"1971-11","1971","11","3,0","","-4,4","","-0,7","","13,9","","-13,3","S","24,1","","31,5","","55,6","","15","",,"",,""
"1971-12","1971","12","-3,6","","-13,8","","-8,7","","7,8","","-23,3","S","44,5","","50,0","","94,5","","23","",,"",,""
"1972-01","1972","01","-4,6","","-15,7","","-10,2","","6,7","","-31,1","","18,8","","28,7","","47,5","","5","",,"",,""
"1972-02","1972","02","-7,5","","-18,3","","-12,9","","6,1","","-37,2","","9,7","","109,5","","119,1","","46","",,"",,""
"1972-03","1972","03","-1,4","","-10,8","","-6,1","","7,2","","-26,1","","71,4","","34,5","","105,9","","41","",,"",,""
"1972-04","1972","04","6,4","","-2,8","","1,8","","19,4","","-13,9","","36,3","","18,8","","55,1","","0","",,"",,""
"1972-05","1972","05","19,3","","6,0","","12,7","","30,6","","-1,1","","74,4","","0,0","","74,4","","0","",,"",,""
"1972-06","1972","06","22,2","","12,1","","17,2","","30,6","","0,6","","149,1","","0,0","","149,1","","0","",,"",,""
"1972-07","1972","07","25,4","","14,3","","19,9","","31,1","S","5,0","","122,9","","0,0","","122,9","","0","",,"",,""
"1972-08","1972","08","22,8","","12,1","","17,5","","28,3","","3,9","","122,2","","0,0","","122,2","","0","",,"",,""
"1972-09","1972","09","20,1","","8,6","","14,4","","28,9","","-0,6","S","57,7","","0,0","","57,7","","0","",,"",,""
"1972-10","1972","10","9,4","","1,1","","5,3","","21,1","","-7,8","","96,0","","3,0","","100,1","","0","",,"",,""
"1972-11","1972","11","2,5","","-3,9","","-0,7","","6,1","","-21,7","","77,0","","26,4","","103,4","","0","",,"",,""
"1972-12","1972","12","-4,8","","-14,7","","-9,8","","6,1","","-27,8","","55,6","","109,2","","164,8","","36","",,"",,""
"1973-01","1973","01","-5,0","","-14,6","","-9,8","","7,2","","-32,8","","32,5","","32,5","","65,0","","43","",,"",,""
"1973-02","1973","02","-5,1","","-17,1","","-11,1","","3,3","","-33,3","S","37,6","","30,0","","67,6","","53","",,"",,""
"1973-03","1973","03","4,3","","-3,3","","0,5","","10,6","S","-14,4","","72,6","","7,6","","80,3","","0","",,"",,""
"1973-04","1973","04","10,7","","0,9","","5,8","","24,4","","-9,4","","54,9","","19,8","","74,7","","0","",,"",,""
"1973-05","1973","05","16,8","","6,8","","11,8","","23,3","","1,1","","114,6","","0,0","","114,6","","0","",,"",,""
"1973-06","1973","06","24,3","","13,0","","18,7","","28,9","S","1,7","S","83,6","","0,0","","83,6","","0","",,"",,""
"1973-07","1973","07","27,5","","15,2","","21,4","","32,2","S","8,3","","51,1","","0,0","","51,1","","0","",,"",,""
"1973-08","1973","08","26,9","","15,6","","21,3","","31,7","","4,4","","63,2","","0,0","","63,2","","0","",,"",,""
"1973-09","1973","09","19,1","","8,1","","13,6","","31,7","","-1,7","","100,3","","0,0","","100,3","","0","",,"",,""
"1973-10","1973","10","13,7","","3,8","","8,8","","21,1","S","-4,4","","87,9","","0,0","","87,9","","0","",,"",,""
"1973-11","1973","11","3,4","","-3,3","","0,1","","11,1","","-11,1","","49,8","","6,9","","56,6","","0","",,"",,""
"1973-12","1973","12","-2,1","","-10,1","","-6,1","","7,2","","-29,4","","93,0","","82,8","","175,8","","36","",,"",,""
"1974-01","1974","01","-5,9","","-16,4","","-11,2","","6,1","","-35,6","","53,1","","30,5","","83,6","","30","",,"",,""
"1974-02","1974","02","-6,2","","-17,4","","-11,8","","3,3","","-25,6","","16,3","","27,7","","43,9","","38","",,"",,""
"1974-03","1974","03","-0,3","","-10,2","","-5,3","","10,0","","-26,1","","41,7","","60,2","","101,9","","33","",,"",,""
"1974-04","1974","04","9,3","","-0,4","","4,5","","27,2","","-7,8","S","104,6","","9,4","","114,0","","0","",,"",,""
"1974-05","1974","05","14,9","","5,1","","10,0","","27,8","","-3,9","","158,0","","0,0","","158,0","","0","",,"",,""
"1974-06","1974","06","23,2","","12,1","","17,7","","28,3","","5,6","","98,6","","0,0","","98,6","","0","",,"",,""
"1974-07","1974","07","25,6","","14,3","","20,0","","30,0","","7,8","","144,0","","0,0","","144,0","","0","",,"",,""
"1974-08","1974","08","25,2","","13,1","","19,2","","29,4","S","6,7","","59,7","","0,0","","59,7","","0","",,"",,""
"1974-09","1974","09","18,3","","7,9","","13,1","","25,6","","-3,9","","56,6","","0,0","","56,6","","0","",,"",,""
"1974-10","1974","10","10,3","","-0,4","","5,0","","22,2","","-8,9","","46,5","","0,0","","46,5","","0","",,"",,""
"1974-11","1974","11","4,2","","-3,4","","0,4","","16,1","","-16,7","","61,0","","32,5","","93,5","","13","",,"",,""
"1974-12","1974","12","-0,9","","-9,1","","-5,0","","6,1","","-23,9","","49,3","","51,3","","100,6","","25","",,"",,""
"1975-01","1975","01","-4,7","","-15,0","","-9,9","","8,9","","-30,6","","4,8","","70,9","","75,7","","48","",,"",,""
"1975-02","1975","02","-4,1","","-15,5","","-9,8","","5,6","","-34,4","","19,1","","25,9","","45,0","","41","",,"",,""
"1975-03","1975","03","-0,1","","-10,0","","-5,1","","6,7","","-20,0","","75,4","","18,0","","93,5","","23","",,"",,""
"1975-04","1975","04","7,2","","-2,4","","2,4","","16,1","","-15,0","","30,5","","49,3","","79,8","","0","",,"",,""
"1975-05","1975","05","22,3","","8,8","","15,6","","31,7","","2,2","","66,5","","0,0","","66,5","","0","",,"",,""
"1975-06","1975","06","24,3","","12,6","","18,5","","32,2","","3,3","","61,2","","0,0","","61,2","","0","",,"",,""
"1975-07","1975","07","28,5","","15,9","","22,2","","33,3","","10,0","","97,3","","0,0","","97,3","","0","",,"",,""
"1975-08","1975","08","26,3","","13,3","","19,8","","36,1","","5,6","S","27,7","","0,0","","27,7","","0","",,"",,""
"1975-09","1975","09","18,4","","8,4","","13,4","","25,0","","1,7","","172,2","","0,0","","172,2","","0","",,"",,""
"1975-10","1975","10","13,6","","3,1","","8,4","","21,1","","-5,0","S","83,3","","0,0","","83,3","","0","",,"",,""
"1975-11","1975","11","7,3","","-0,3","","3,5","","19,4","","-10,6","","80,8","","28,4","","109,2","","5","",,"",,""
"1975-12","1975","12","-5,0","","-14,4","","-9,7","","8,9","","-32,2","","42,4","","54,9","","97,3","","20","",,"",,""
"1976-01","1976","01","-9,5","","-22,6","","-16,1","","6,1","","-38,9","","56,9","","72,9","","129,8","","33","",,"",,""
"1976-02","1976","02","-2,3","","-14,2","","-8,3","","6,1","","-25,0","","29,2","","62,2","","91,4","","64","",,"",,""
"1976-03","1976","03","0,5","","-9,8","","-4,7","","12,8","","-25,6","","60,2","","38,6","","98,8","","15","",,"",,""
"1976-04","1976","04","12,7","","0,2","","6,5","","29,4","","-10,6","","39,6","","3,0","","42,7","","0","",,"",,""
"1976-05","1976","05","17,4","","6,1","","11,8","","26,7","S","0,0","","119,1","","2,5","","121,7","","0","",,"",,""
"1976-06","1976","06","25,2","","13,5","","19,4","","30,6","S","5,0","S","121,7","","0,0","","121,7","","0","",,"",,""
"1976-07","1976","07","24,9","","13,7","","19,3","","32,2","","6,7","S","95,0","","0,0","","95,0","","0","",,"",,""
"1976-08","1976","08","24,0","","13,0","","18,5","","31,1","","1,7","","103,1","","0,0","","103,1","","0","",,"",,""
"1976-09","1976","09","18,2","","7,8","","13,0","","27,2","","0,6","","79,5","","0,0","","79,5","","0","",,"",,""
"1976-10","1976","10","10,2","","0,9","","5,6","","21,1","S","-7,2","","114,0","","2,8","","116,8","","0","",,"",,""
"1976-11","1976","11","2,2","","-4,0","","-0,9","","10,6","","-13,3","","26,4","","11,7","","38,1","","3","",,"",,""
"1976-12","1976","12","-7,7","","-18,2","","-13,0","","3,3","S","-30,0","","14,0","","38,4","","52,3","","15","",,"",,""
"1977-01","1977","01","-9,5","","-18,6","","-14,1","","-1,7","S","-30,0","","0,0","","80,8","","80,8","","48","",,"",,""
"1977-02","1977","02","-4,2","","-13,4","","-8,8","","6,1","","-26,7","","12,4","","36,6","","49,0","","55","",,"",,""
"1977-03","1977","03","4,4","","-4,0","","0,2","","14,4","","-14,4","S","50,9","","27,4","","78,3","","0","",,"",,""
"1977-04","1977","04","11,8","","-0,7","","5,6","","27,2","","-17,8","","46,2","","15,5","","61,7","","0","",,"",,""
"1977-05","1977","05","21,9","","6,6","","14,3","","33,3","","-2,2","","26,2","","0,0","","26,2","","0","",,"",,""
"1977-06","1977","06","22,2","","11,9","","17,1","","30,0","","1,7","","131,3","","0,0","","131,3","","0","",,"",,""
"1977-07","1977","07","25,4","","14,3","","19,9","","32,8","S","7,2","","106,5","","0,0","","106,5","","0","",,"",,""
"1977-08","1977","08","23,5","","13,0","","18,3","","31,7","","3,9","","75,5","","0,0","","75,5","","0","",,"",,""
"1977-09","1977","09","17,3","","9,3","","13,3","","28,9","","1,1","","122,8","","0,0","","122,8","","0","",,"",,""
"1977-10","1977","10","12,2","","2,9","","7,6","","20,0","","-3,9","","125,1","","0,0","","125,1","","0","",,"",,""
"1977-11","1977","11","6,1","","-1,9","","2,1","","19,4","","-22,8","","64,5","","26,4","","90,9","","15","",,"",,""
"1977-12","1977","12","-4,3","","-13,0","","-8,7","","7,2","","-32,8","","22,8","","76,8","","99,6","","25","",,"",,""
"1978-01","1978","01","-7,9","","-17,7","","-12,8","","7,2","","-27,8","","84,8","","84,4","","169,2","","35","",,"",,""
"1978-02","1978","02","-7,1","","-20,9","","-14,0","","-0,6","","-32,8","","0,0","","21,4","","21,4","","48","",,"",,""
"1978-03","1978","03","-0,9","","-11,1","","-6,0","","5,0","S","-24,4","","50,8","","50,7","","101,5","","38","",,"",,""
"1978-04","1978","04","8,2","","-1,8","","3,2","","17,2","","-12,8","","66,0","","0,0","T","66,0","","0","",,"",,""
"1978-05","1978","05","22,1","","8,0","","15,1","","32,8","","-2,8","S","40,1","","0,0","","40,1","","0","",,"",,""
"1978-06","1978","06","23,3","","11,8","","17,6","","30,0","","1,1","","185,6","","0,0","","185,6","","0","",,"",,""
"1978-07","1978","07","26,6","","13,9","","20,3","","32,8","S","5,6","","57,6","","0,0","","57,6","","0","",,"",,""
"1978-08","1978","08","25,1","","13,8","","19,5","","32,2","","6,7","","123,7","","0,0","","123,7","","0","",,"",,""
"1978-09","1978","09","17,6","","6,1","","11,9","","25,0","","-4,4","","44,2","","0,0","","44,2","","0","",,"",,""
"1978-10","1978","10","11,3","","2,8","","7,1","","22,8","","-7,2","","75,7","","0,0","","75,7","","0","",,"",,""
"1978-11","1978","11","5,5","","-5,4","","0,1","","16,7","S","-24,4","","63,3","","36,1","","99,4","","17","",,"",,""
"1978-12","1978","12","-3,4","","-14,1","","-8,8","","6,1","","-28,9","","40,4","","71,1","","111,5","","45","",,"",,""
"1979-01","1979","01","-5,6","","-14,4","","-10,0","","6,1","","-32,8","S","25,9","","73,7","","99,6","","43","",,"",,""
"1979-02","1979","02","-9,7","","-20,7","","-15,2","","3,9","","-35,0","S","3,0","","18,0","","21,0","","48","",,"",,""
"1979-03","1979","03","4,6","","-4,4","","0,1","","17,8","","-18,9","","55,4","","1,8","","57,2","","0","",,"",,""
"1979-04","1979","04","11,2","","1,6","","6,4","","22,2","","-7,8","","83,9","","14,4","","98,3","","0","",,"",,""
"1979-05","1979","05","18,5","","8,2","","13,4","","31,1","","-3,9","","85,7","","0,0","T","85,7","","0","",,"",,""
"1979-06","1979","06","23,4","","11,4","","17,4","","30,6","","3,9","","49,8","","0,0","","49,8","","0","",,"",,""
"1979-07","1979","07","27,0","","14,6","","20,8","","32,8","","5,0","","149,8","","0,0","","149,8","","0","",,"",,""
"1979-08","1979","08","23,0","","12,7","","17,9","","28,3","","4,4","","158,7","","0,0","","158,7","","0","",,"",,""
"1979-09","1979","09","19,3","","7,7","","13,5","","26,7","","-2,2","","134,9","","0,0","","134,9","","0","",,"",,""
"1979-10","1979","10","11,7","","3,7","","7,7","","26,1","","-4,4","","73,8","","8,9","","82,7","","0","",,"",,""
"1979-11","1979","11","6,6","","-0,9","","2,9","","14,4","S","-8,9","","86,4","","3,3","","89,7","","0","",,"",,""
"1979-12","1979","12","-1,6","","-9,8","","-5,7","","8,9","","-27,8","","55,3","","12,8","","68,1","","0","",,"",,""
"1980-01","1980","01","-4,6","","-13,3","","-9,0","","10,5","","-24,0","","22,2","","4,8","","27,0","","5","",,"",,""
"1980-02","1980","02","-4,7","","-15,0","","-9,9","","4,5","","-26,5","","0,0","","13,5","","13,5","","10","",,"",,""
"1980-03","1980","03","2,0","","-8,0","","-3,0","","12,5","","-31,0","","26,0","","34,2","","60,2","","0","",,"",,""
"1980-04","1980","04","11,3","","2,0","","6,7","","17,0","S","-5,0","","115,9","","3,0","","118,9","","0","",,"",,""
"1980-05","1980","05","19,1","","5,4","","12,3","","28,5","","-0,5","","60,3","","0,0","","60,3","","0","",,"",,""
"1980-06","1980","06","22,0","","10,3","","16,2","","32,0","","0,5","","40,2","","0,0","","40,2","","0","",,"",,""
"1980-07","1980","07","25,3","","13,5","","19,4","","30,0","","6,5","S","186,0","","0,0","","186,0","","0","",,"",,""
"1980-08","1980","08","25,0","","14,5","","19,8","","29,5","","8,0","","129,8","","0,0","","129,8","","0","",,"",,""
"1980-09","1980","09","18,5","","7,5","","13,0","","27,5","S","-5,5","","103,2","","0,0","","103,2","","0","",,"",,""
"1980-10","1980","10","10,0","","0,7","","5,4","","21,0","","-5,5","","81,6","","0,7","","82,3","","0","",,"",,""
"1980-11","1980","11","2,4","","-5,1","","-1,4","","12,0","","-14,5","","60,7","","18,1","","78,8","","1","",,"",,""
"1980-12","1980","12","-8,2","","-19,4","","-13,8","","5,0","S","-34,0","","28,6","","47,3","","75,9","","20","",,"",,""
"1981-01","1981","01","-9,7","","-22,1","","-15,9","","5,0","","-38,0","","0,2","","15,5","","15,7","","14","",,"",,""
"1981-02","1981","02","1,4","","-7,8","","-3,2","","11,0","","-24,5","","120,9","","18,0","","138,9","","0","",,"",,""
"1981-03","1981","03","3,7","","-4,7","","-0,5","","15,5","","-20,0","","24,6","","14,7","","39,3","","0","",,"",,""
"1981-04","1981","04","13,5","","1,1","","7,3","","24,0","","-9,0","","68,7","","0,0","T","68,7","","0","",,"",,""
"1981-05","1981","05","18,5","","6,7","","12,6","","26,5","","-3,0","","96,4","","0,0","T","96,4","","0","",,"",,""
"1981-06","1981","06","23,8","","11,4","","17,6","","31,0","","2,5","","139,1","","0,0","","139,1","","0","",,"",,""
"1981-07","1981","07","26,2","","13,9","","20,1","","33,5","","7,0","","79,6","","0,0","","79,6","","0","",,"",,""
"1981-08","1981","08","23,8","","13,3","","18,6","","28,5","S","6,0","S","160,9","","0,0","","160,9","","0","",,"",,""
"1981-09","1981","09","18,1","","9,3","","13,7","","28,0","","1,0","","102,4","","0,0","","102,4","","0","",,"",,""
"1981-10","1981","10","10,1","","0,8","","5,5","","18,0","","-6,0","","93,0","","2,5","","95,5","","0","",,"",,""
"1981-11","1981","11","4,1","","-2,1","","1,0","","13,5","","-10,0","","61,2","","18,7","","79,9","","7","",,"",,""
"1981-12","1981","12","-1,4","","-9,3","","-5,4","","5,0","S","-20,0","S","4,4","","52,4","","56,8","","18","",,"",,""
"1982-01","1982","01","-11,3","","-23,5","","-17,4","","3,0","","-37,5","","21,2","","61,8","","83,0","","40","",,"",,""
"1982-02","1982","02","-5,9","","-16,4","","-11,2","","3,0","","-27,5","","0,0","","19,2","","19,2","","49","",,"",,""
"1982-03","1982","03","0,8","","-9,9","","-4,6","","10,5","","-28,0","","50,3","","45,8","","96,1","","28","",,"",,""
"1982-04","1982","04","8,7","","-1,8","","3,5","","23,5","","-13,5","S","48,6","","0,6","","49,2","","0","",,"",,""
"1982-05","1982","05","20,3","","7,8","","14,1","","29,0","","0,0","","25,3","","0,0","","25,3","","0","",,"",,""
"1982-06","1982","06","21,8","","11,0","","16,4","","29,0","","3,0","","97,5","","0,0","","97,5","","0","",,"",,""
"1982-07","1982","07","27,1","","12,7","","19,9","","33,5","","4,0","S","25,0","","0,0","","25,0","","0","",,"",,""
"1982-08","1982","08","23,1","","10,9","","17,0","","29,0","S","1,5","","120,9","","0,0","","120,9","","0","",,"",,""
"1982-09","1982","09","19,2","","9,1","","14,2","","28,5","","2,0","S","112,1","","0,0","","112,1","","0","",,"",,""
"1982-10","1982","10","13,2","","2,4","","7,8","","20,5","","-6,0","","41,4","","0,0","","41,4","","0","",,"",,""
"1982-11","1982","11","6,3","","-1,4","","2,5","","15,5","S","-17,0","","98,8","","5,4","","104,2","","3","",,"",,""
"1982-12","1982","12","0,2","","-7,8","","-3,8","","14,0","","-25,0","","70,5","","10,4","","80,9","","0","",,"",,""
"1983-01","1983","01","-4,6","","-13,0","","-8,8","","3,0","","-26,5","","35,2","","35,6","","70,8","","14","",,"",,""
"1983-02","1983","02","-2,9","","-12,2","","-7,6","","5,0","","-28,5","","63,6","","35,2","","98,8","","19","",,"",,""
"1983-03","1983","03","2,7","","-5,0","","-1,2","","9,0","","-13,5","S","41,8","","21,7","","63,5","","5","",,"",,""
"1983-04","1983","04","9,0","","0,9","","5,0","","21,0","","-5,0","S","186,3","","13,6","","199,9","","0","",,"",,""
"1983-05","1983","05","15,1","","6,2","","10,7","","22,0","S","-1,0","","177,1","","0,0","","177,1","","0","",,"",,""
"1983-06","1983","06","25,0","","11,7","","18,4","","32,5","S","1,5","","41,2","","0,0","","41,2","","0","",,"",,""
"1983-07","1983","07","27,2","","15,0","","21,1","","34,5","","7,0","","58,9","","0,0","","58,9","","0","",,"",,""
"1983-08","1983","08","26,8","","13,9","","20,4","","32,0","","6,0","","50,7","","0,0","","50,7","","0","",,"",,""
"1983-09","1983","09","","M","","M","","M","","M","","M","","M","","M","","M","0","",,"",,""
"1983-10","1983","10","12,5","","2,7","","7,6","","26,0","","-6,5","","96,2","","0,0","","96,2","","0","",,"",,""
"1983-11","1983","11","3,8","","-1,7","","1,1","","13,5","","-12,0","","211,9","","34,4","","246,3","","1","",,"",,""
"1983-12","1983","12","-5,1","","-14,3","","-9,7","","3,5","","-33,5","S","32,6","","106,5","","139,1","","58","",,"",,""
"1984-01","1984","01","-8,9","","-19,8","","-14,4","","2,5","S","-37,0","","4,4","","35,2","","39,6","","66","",,"",,""
"1984-02","1984","02","-0,5","","-8,9","","-4,7","","9,5","","-27,5","S","36,8","","35,4","","72,2","","38","",,"",,""
"1984-03","1984","03","-2,5","","-13,5","","-8,0","","8,0","","-30,5","","22,4","","19,1","","41,5","","11","",,"",,""
"1984-04","1984","04","11,6","","0,9","","6,3","","23,0","","-6,0","","78,6","","1,2","","79,8","","0","",,"",,""
"1984-05","1984","05","15,7","","6,1","","10,9","","25,5","","0,0","S","99,4","","0,0","","99,4","","0","",,"",,""
"1984-06","1984","06","24,6","","11,3","","18,0","","31,0","S","2,5","","81,8","","0,0","","81,8","","0","",,"",,""
"1984-07","1984","07","25,9","","14,7","","20,3","","31,5","","8,0","","67,6","","0,0","","67,6","","0","",,"",,""
"1984-08","1984","08","26,4","","14,9","","20,7","","32,0","","5,0","","63,5","","0,0","","63,5","","0","",,"",,""
"1984-09","1984","09","18,6","","6,6","","12,6","","24,5","","-1,5","S","38,0","","0,0","","38,0","","0","",,"",,""
"1984-10","1984","10","13,7","","2,6","","8,2","","24,5","","-5,0","","53,4","","0,0","","53,4","","0","",,"",,""
"1984-11","1984","11","5,3","","-2,5","","1,4","","15,5","","-12,5","","81,2","","3,6","","84,8","","0","",,"",,""
"1984-12","1984","12","-0,8","","-10,0","","-5,4","","9,0","","-29,0","","18,4","","66,1","","84,5","","13","",,"",,""
"1985-01","1985","01","-9,6","","-19,8","","-14,7","","-2,0","","-29,0","","1,4","","35,7","","37,1","","27","",,"",,""
"1985-02","1985","02","-3,4","","-13,5","","-8,5","","3,5","S","-32,5","","36,6","","25,3","","61,9","","22","",,"",,""
"1985-03","1985","03","1,4","","-8,2","","-3,4","","10,0","","-24,0","","38,6","","54,0","","92,6","","0","T",,"",,""
"1985-04","1985","04","10,1","","-0,6","","4,8","","24,5","","-9,0","","32,4","","32,0","","64,4","","0","",,"",,""
"1985-05","1985","05","19,1","","5,9","","12,5","","27,5","","-3,0","","33,6","","0,0","","33,6","","0","",,"",,""
"1985-06","1985","06","21,2","","10,8","","16,0","","27,0","","5,5","S","113,0","","0,0","","113,0","","0","",,"",,""
"1985-07","1985","07","25,6","","13,5","","19,6","","31,5","","6,0","","72,6","","0,0","","72,6","","0","",,"",,""
"1985-08","1985","08","24,9","","12,3","","18,6","","31,5","S","6,0","","47,0","","0,0","","47,0","","0","",,"",,""
"1985-09","1985","09","21,6","","8,7","","15,2","","29,5","","1,5","S","100,0","","0,0","","100,0","","0","",,"",,""
"1985-10","1985","10","13,5","","3,8","","8,7","","19,5","","-5,5","","97,0","","0,0","","97,0","","0","",,"",,""
"1985-11","1985","11","3,3","","-3,5","","-0,1","","16,0","","-14,5","","62,2","","19,9","","82,1","","2","",,"",,""
"1985-12","1985","12","-4,5","","-14,2","E","-9,4","E","6,5","","-32,5","","26,0","","41,0","","67,0","","20","",,"",,""
"1986-01","1986","01","-5,7","E","-16,6","E","-11,2","E","5,0","S","-29,5","","","M","","M","","M","42","",,"",,""
"1986-02","1986","02","-5,8","","-17,5","","-11,7","","3,0","","-31,0","S","10,0","","22,6","","32,6","","47","",,"",,""
"1986-03","1986","03","2,2","","-7,6","","-2,7","","19,0","","-24,0","","27,2","","40,0","","67,2","","0","T",,"",,""
"1986-04","1986","04","14,2","","2,7","","8,5","","27,5","","-4,0","","42,8","","0,0","","42,8","","0","",,"",,""
"1986-05","1986","05","18,5","","7,9","","13,2","","30,0","","-3,5","S","84,6","","0,0","","84,6","","0","",,"",,""
"1986-06","1986","06","21,8","","9,5","","15,7","","28,5","","-1,5","","98,6","","0,0","","98,6","","0","",,"",,""
"1986-07","1986","07","24,5","","13,2","","18,9","","32,5","","5,5","","48,0","","0,0","","48,0","","0","",,"",,""
"1986-08","1986","08","23,3","","12,1","","17,7","","29,0","","1,5","","128,8","","0,0","","128,8","","0","",,"",,""
"1986-09","1986","09","18,0","","7,2","","12,6","","25,5","","-0,5","","136,0","","0,0","","136,0","","0","",,"",,""
"1986-10","1986","10","12,3","","2,6","","7,5","","21,5","","-7,0","","62,8","","0,0","","62,8","","0","",,"",,""
"1986-11","1986","11","3,2","","-5,0","","-0,9","","14,0","S","-19,0","","35,2","","40,2","","75,4","","3","",,"",,""
"1986-12","1986","12","-1,6","","-11,2","","-6,4","","3,5","","-24,0","","53,8","","40,8","","94,6","","13","",,"",,""
"1987-01","1987","01","-6,0","","-16,1","","-11,1","","2,5","","-34,0","","0,0","","64,2","","64,2","","43","",,"",,""
"1987-02","1987","02","-5,9","","-19,8","","-12,9","","4,5","","-34,5","","0,0","","23,6","","23,6","","48","",,"",,""
"1987-03","1987","03","3,9","","-8,0","","-2,1","","16,5","","-25,5","S","24,6","","35,4","","60,0","","0","",,"",,""
"1987-04","1987","04","14,2","","3,1","","8,7","","28,5","","-5,5","","30,2","","1,8","","32,0","","0","",,"",,""
"1987-05","1987","05","18,4","","6,3","","12,4","","30,5","","-5,0","","101,0","","0,0","","101,0","","0","",,"",,""
"1987-06","1987","06","23,8","","12,1","","18,0","","32,0","","5,0","","129,4","","0,0","","129,4","","0","",,"",,""
"1987-07","1987","07","26,4","","15,1","","20,8","","33,5","","4,5","","90,5","","0,0","","90,5","","0","",,"",,""
"1987-08","1987","08","24,5","","11,2","","17,9","","33,0","","3,0","S","47,0","","0,0","","47,0","","0","",,"",,""
"1987-09","1987","09","19,5","","9,2","","14,4","","27,0","","-2,0","","125,4","","0,0","","125,4","","0","",,"",,""
"1987-10","1987","10","11,7","","1,9","","6,8","","19,5","S","-6,0","","65,4","","0,0","","65,4","","0","",,"",,""
"1987-11","1987","11","4,1","E","-4,0","E","0,1","E","17,5","","-15,0","","80,6","","36,8","","117,4","","8","",,"",,""
"1987-12","1987","12","-1,1","","-8,9","","-5,0","","4,5","S","-26,0","","10,2","","44,4","","54,6","","20","",,"",,""
"1988-01","1988","01","-4,6","","-15,6","","-10,1","","6,5","","-31,5","","15,9","","16,4","","32,3","","14","",,"",,""
"1988-02","1988","02","-4,3","E","-14,5","E","-9,4","E","5,0","","-29,5","","9,6","","91,0","","100,6","","32","",,"",,""
"1988-03","1988","03","0,3","","-9,6","","-4,7","","13,5","","-23,5","","14,8","","6,5","","21,3","","4","",,"",,""
"1988-04","1988","04","10,4","","1,3","","5,9","","17,0","","-7,0","","82,8","","0,0","","82,8","","0","",,"",,""
"1988-05","1988","05","20,4","","8,2","E","14,3","E","26,5","S","-1,0","","29,0","","0,0","","29,0","","0","",,"",,""
"1988-06","1988","06","23,7","","10,7","","17,2","","35,0","","1,0","","78,4","","0,0","","78,4","","0","",,"",,""
"1988-07","1988","07","27,5","","16,0","","21,8","","34,5","S","8,5","","48,4","","0,0","","48,4","","0","",,"",,""
"1988-08","1988","08","25,2","","14,7","","20,0","","33,0","","4,5","","147,2","","0,0","","147,2","","0","",,"",,""
"1988-09","1988","09","19,4","","8,0","","13,7","","27,0","","-0,5","","48,2","","0,0","","48,2","","0","",,"",,""
"1988-10","1988","10","10,3","","2,1","","6,2","","22,5","","-7,0","","98,0","","4,0","","102,0","","0","",,"",,""
"1988-11","1988","11","6,1","","-1,3","","2,4","","19,0","","-12,0","","114,4","","6,0","","120,4","","0","",,"",,""
"1988-12","1988","12","-3,4","","-13,1","","-8,3","","7,5","","-25,0","","7,6","","27,4","","35,0","","10","",,"",,""
"1989-01","1989","01","-2,9","","-15,2","","-9,1","","7,5","S","-32,0","","16,9","","60,0","","76,9","","23","",,"",,""
"1989-02","1989","02","-5,2","","-16,7","","-11,0","","4,5","S","-31,5","","5,8","","27,2","","33,0","","27","",,"",,""
"1989-03","1989","03","-0,4","","-11,2","","-5,8","","15,5","","-30,5","","24,8","","47,0","","71,8","","5","",,"",,""
"1989-04","1989","04","9,8","","-0,8","","4,5","","19,5","","-6,5","","47,0","","0,0","","47,0","","0","",,"",,""
"1989-05","1989","05","19,9","","8,5","","14,2","","31,0","","1,5","S","86,3","","0,0","","86,3","","0","",,"",,""
"1989-06","1989","06","24,2","","12,6","","18,4","","32,5","","6,5","","77,8","","0,0","","77,8","","0","",,"",,""
"1989-07","1989","07","27,7","","13,6","","20,7","","34,5","","7,5","","32,4","","0,0","","32,4","","0","",,"",,""
"1989-08","1989","08","25,8","","13,3","","19,6","","30,5","S","3,5","","64,6","","0,0","","64,6","","0","",,"",,""
"1989-09","1989","09","21,0","","9,5","","15,3","","29,5","S","-1,5","","75,2","","0,0","","75,2","","0","",,"",,""
"1989-10","1989","10","13,9","","3,7","","8,8","","21,5","S","-3,5","","113,2","","1,5","","114,7","","0","",,"",,""
"1989-11","1989","11","3,3","","-5,0","","-0,9","","21,0","","-18,0","","155,2","","24,6","","179,8","","16","",,"",,""
"1989-12","1989","12","-11,2","","-23,3","","-17,3","","4,5","","-33,5","","19,0","","33,9","","52,9","","24","",,"",,""
"1990-01","1990","01","-0,6","","-9,6","","-5,1","","7,0","","-25,5","","33,6","","67,6","","101,2","","19","",,"",,""
"1990-02","1990","02","-3,2","","-13,6","","-8,4","","6,5","","-27,0","","13,0","","41,9","","54,9","","25","",,"",,""
"1990-03","1990","03","2,5","","-6,9","","-2,2","","9,5","","-24,0","","34,6","","11,8","","46,4","","8","",,"",,""
"1990-04","1990","04","11,3","","1,7","","6,5","","31,0","","-7,5","S","87,6","","11,8","","99,4","","0","",,"",,""
"1990-05","1990","05","17,5","","5,2","","11,4","","26,5","","-2,5","","69,4","","0,0","","69,4","","0","",,"",,""
"1990-06","1990","06","23,3","","12,6","","18,0","","28,5","S","1,5","","135,6","","0,0","","135,6","","0","",,"",,""
"1990-07","1990","07","26,1","","14,9","","20,5","","31,0","S","7,5","S","88,2","","0,0","","88,2","","0","",,"",,""
"1990-08","1990","08","25,9","","14,0","","20,0","","30,5","","7,5","S","100,6","","0,0","","100,6","","0","",,"",,""
"1990-09","1990","09","18,5","","8,7","","13,6","","27,0","","0,5","","93,2","","0,0","","93,2","","0","",,"",,""
"1990-10","1990","10","12,3","","4,3","","8,3","","25,5","","-6,0","","107,2","","0,0","T","107,2","","0","",,"",,""
"1990-11","1990","11","5,6","","-1,5","","2,1","","18,5","","-7,0","S","82,6","","5,5","","88,1","","0","",,"",,""
"1990-12","1990","12","-0,9","","-9,6","","-5,3","","7,5","","-21,0","","101,0","","54,4","","155,4","","7","",,"",,""
"1991-01","1991","01","-6,0","","-16,8","","-11,4","","1,0","S","-32,5","","3,8","","61,3","","65,1","","30","",,"",,""
"1991-02","1991","02","-2,1","","-11,6","","-6,8","","7,0","S","-26,0","","16,4","","42,8","","59,2","","13","",,"",,""
"1991-03","1991","03","2,5","","-5,5","","-1,5","","10,5","","-15,0","","64,4","","23,9","","88,4","","0","T",,"",,""
"1991-04","1991","04","11,7","","2,0","","6,9","","22,0","","-4,5","","102,8","","0,0","","102,8","","0","",,"",,""
"1991-05","1991","05","20,4","","8,3","","14,4","","31,5","","-0,5","","77,8","","0,0","","77,8","","0","",,"",,""
"1991-06","1991","06","25,2","","12,5","","18,8","","32,0","","6,0","","70,0","","0,0","","70,0","","0","",,"",,""
"1991-07","1991","07","27,1","","13,6","","20,4","","33,5","","6,5","","63,2","","0,0","","63,2","","0","",,"",,""
"1991-08","1991","08","25,7","","14,8","","20,3","","31,0","S","6,0","","145,4","","0,0","","145,4","","0","",,"",,""
"1991-09","1991","09","18,9","I","7,1","I","13,0","I","26,0","I","-0,5","I","65,1","E","0,0","","65,1","E","","M",,"",,""
"1991-10","1991","10","13,6","","4,2","","9,0","","24,0","","-3,5","","91,6","","0,0","","91,6","","0","",,"",,""
"1991-11","1991","11","5,9","","-1,9","","2,0","","18,0","","-11,5","","23,7","","3,4","","27,1","","0","",,"",,""
"1991-12","1991","12","-3,9","","-13,0","","-8,5","","9,0","","-31,0","","32,9","","65,0","","97,9","","11","",,"",,""
"1992-01","1992","01","-7,3","","-16,7","","-12,0","","3,5","","-30,0","","75,4","","25,1","","100,5","","10","",,"",,""
"1992-02","1992","02","-5,6","","-15,6","","-10,6","","1,0","","-29,0","S","12,5","","73,4","","85,9","","36","",,"",,""
"1992-03","1992","03","-0,5","","-10,3","","-5,4","","7,5","","-29,5","","63,6","","12,9","","76,5","","0","T",,"",,""
"1992-04","1992","04","9,6","","-0,1","","4,8","","24,0","","-8,0","","28,0","","10,6","","38,6","","0","",,"",,""
"1992-05","1992","05","19,5","","6,0","","12,7","","30,5","","-2,0","","69,4","","0,0","","69,4","","0","",,"",,""
"1992-06","1992","06","23,3","E","11,7","","17,5","E","28,0","S","5,0","","56,8","","0,0","","56,8","","0","",,"",,""
"1992-07","1992","07","23,6","","12,1","","17,9","","27,5","","5,0","","178,1","","0,0","","178,1","","0","",,"",,""
"1992-08","1992","08","23,4","","13,3","","18,3","","30,0","S","5,5","","58,2","","0,0","","58,2","","0","",,"",,""
"1992-09","1992","09","19,5","","8,8","","14,2","","28,0","","-2,5","","96,6","","0,0","","96,6","","0","",,"",,""
"1992-10","1992","10","10,7","","1,1","","5,9","","20,0","","-7,0","","69,6","","1,0","","70,6","","0","",,"",,""
"1992-11","1992","11","4,7","","-2,6","","1,0","","14,0","","-13,5","","89,2","","2,4","","91,6","","0","",,"",,""
"1992-12","1992","12","-1,5","","-8,5","","-5,0","","9,0","","-24,0","","18,3","","12,8","","31,1","","9","",,"",,""
"1993-01","1993","01","-5,8","","-15,2","","-10,5","","5,5","","-28,0","","75,8","","43,3","","119,1","","10","",,"",,""
"1993-02","1993","02","-8,7","","-21,2","","-15,0","","0,0","","-33,0","","0,0","T","68,7","","68,7","","29","",,"",,""
"1993-03","1993","03","1,0","","-10,3","","-4,7","","14,0","","-25,0","","1,0","","65,6","","66,6","","11","",,"",,""
"1993-04","1993","04","9,8","","0,8","","5,3","","22,0","","-5,5","","137,4","","28,5","","165,9","","0","",,"",,""
"1993-05","1993","05","18,5","","6,9","","12,7","","26,5","","-0,5","","95,6","","0,0","","95,6","","0","",,"",,""
"1993-06","1993","06","23,0","","11,7","","17,4","","30,0","","3,5","","74,2","","0,0","","74,2","","0","",,"",,""
"1993-07","1993","07","26,6","","15,2","","20,9","","33,5","","10,0","","75,4","","0,0","","75,4","","0","",,"",,""
"1993-08","1993","08","26,1","","14,3","","20,3","","32,0","","4,5","","95,6","","0,0","","95,6","","0","",,"",,""
"1993-09","1993","09","19,1","","8,0","","13,6","","29,0","","0,0","S","88,7","","0,0","","88,7","","0","",,"",,""
"1993-10","1993","10","10,7","","1,5","","6,1","","20,5","","-8,0","","118,4","","10,5","","128,9","","0","",,"",,""
"1993-11","1993","11","4,5","","-2,8","","0,9","","13,0","","-16,0","","77,9","","6,3","","84,2","","0","T",,"",,""
"1993-12","1993","12","-2,7","","-10,5","","-6,6","","7,0","","-31,5","S","33,6","","29,8","","63,4","","14","",,"",,""
"1994-01","1994","01","-12,3","","-23,4","","-17,9","","7,5","","-40,0","","23,0","","106,3","","129,3","","27","",,"",,""
"1994-02","1994","02","-7,4","","-17,9","","-12,7","","8,5","","-31,0","","0,8","","77,1","","77,9","","37","",,"",,""
"1994-03","1994","03","0,9","","-8,3","","-3,7","","8,0","","-26,5","","21,0","","37,8","","58,8","","20","",,"",,""
"1994-04","1994","04","9,6","","0,6","","5,1","","21,5","","-10,0","","72,8","","19,2","","92,0","","0","",,"",,""
"1994-05","1994","05","17,8","","6,0","","11,9","","30,0","","-2,5","","93,8","","0,0","","93,8","","0","",,"",,""
"1994-06","1994","06","24,9","","13,1","","19,0","","34,0","S","3,5","","191,9","","0,0","","191,9","","0","",,"",,""
"1994-07","1994","07","26,1","","15,9","","21,0","","32,0","","9,0","","122,8","","0,0","","122,8","","0","",,"",,""
"1994-08","1994","08","23,3","E","12,5","E","18,0","E","28,5","","6,5","S","67,8","","0,0","","67,8","","0","",,"",,""
"1994-09","1994","09","","M","","M","","M","","M","","M","","M","","M","","M","","M",,"",,""
"1994-10","1994","10","","M","","M","","M","","M","","M","","M","","M","","M","","M",,"",,""
"1994-11","1994","11","","M","","M","","M","","M","","M","","M","","M","","M","","M",,"",,""
"1994-12","1994","12","","M","","M","","M","","M","","M","","M","","M","","M","","M",,"",,""
